Spring Tiglax 2011,,,,,,,
Chlorophyll Samples,,,,,,,
Strom,,,,,,,
Depth_m,Size_Fraction,Chl-a_ug/L,phaeo_µg/L,Integrated_0_50m_Chl_mg/m^2,CTD_Cast,Station_Name,Date
0,<20 µm,0.5,0.23,16.9,3,GP3,4/26/2011
10,<20 µm,ns,ns,16.9,3,GP3,4/26/2011
20,<20 µm,0.3,0.18,16.9,3,GP3,4/26/2011
30,<20 µm,0.29,0.22,16.9,3,GP3,4/26/2011
40,<20 µm,0.3,0.19,16.9,3,GP3,4/26/2011
50,<20 µm,0.31,0.2,16.9,3,GP3,4/26/2011
0,>20 µm,0.23,0.06,8.3,3,GP3,4/26/2011
10,>20 µm,ns,ns,8.3,3,GP3,4/26/2011
20,>20 µm,0.18,0.06,8.3,3,GP3,4/26/2011
30,>20 µm,0.13,0.05,8.3,3,GP3,4/26/2011
40,>20 µm,0.12,0.03,8.3,3,GP3,4/26/2011
50,>20 µm,0.15,0.09,8.3,3,GP3,4/26/2011
0,Total,0.73,0.29,25.2,3,GP3,4/26/2011
10,Total,ns,ns,25.2,3,GP3,4/26/2011
20,Total,0.48,0.24,25.2,3,GP3,4/26/2011
30,Total,0.42,0.27,25.2,3,GP3,4/26/2011
40,Total,0.42,0.22,25.2,3,GP3,4/26/2011
50,Total,0.46,0.28,25.2,3,GP3,4/26/2011
0,<20 µm,0.26,0.13,12.3,38,HD197,5/1/2011
10,<20 µm,0.28,0.15,12.3,38,HD197,5/1/2011
20,<20 µm,0.28,0.17,12.3,38,HD197,5/1/2011
30,<20 µm,0.26,0.18,12.3,38,HD197,5/1/2011
40,<20 µm,0.17,0.2,12.3,38,HD197,5/1/2011
50,<20 µm,0.21,0.2,12.3,38,HD197,5/1/2011
0,>20 µm,0.45,0.05,22.4,38,HD197,5/1/2011
10,>20 µm,0.36,0.06,22.4,38,HD197,5/1/2011
20,>20 µm,0.58,0.21,22.4,38,HD197,5/1/2011
30,>20 µm,0.44,0.15,22.4,38,HD197,5/1/2011
40,>20 µm,0.44,0.14,22.4,38,HD197,5/1/2011
50,>20 µm,0.38,0.15,22.4,38,HD197,5/1/2011
0,Total,0.71,0.19,34.8,38,HD197,5/1/2011
10,Total,0.65,0.21,34.8,38,HD197,5/1/2011
20,Total,0.86,0.39,34.8,38,HD197,5/1/2011
30,Total,0.7,0.33,34.8,38,HD197,5/1/2011
40,Total,0.62,0.33,34.8,38,HD197,5/1/2011
50,Total,0.59,0.35,34.8,38,HD197,5/1/2011
0,<20 µm,0.35,0.14,12.02,70,GAK11,5/5/2011
10,<20 µm,0.44,0.23,12.02,70,GAK11,5/5/2011
20,<20 µm,0.25,0.22,12.02,70,GAK11,5/5/2011
30,<20 µm,0.17,0.2,12.02,70,GAK11,5/5/2011
40,<20 µm,0.13,0.15,12.02,70,GAK11,5/5/2011
50,<20 µm,0.07,0.07,12.02,70,GAK11,5/5/2011
0,>20 µm,0.14,0.02,6.32,70,GAK11,5/5/2011
10,>20 µm,0.15,0.01,6.32,70,GAK11,5/5/2011
20,>20 µm,0.27,0.04,6.32,70,GAK11,5/5/2011
30,>20 µm,0.1,0.03,6.32,70,GAK11,5/5/2011
40,>20 µm,0.03,0.01,6.32,70,GAK11,5/5/2011
50,>20 µm,0.01,0.04,6.32,70,GAK11,5/5/2011
0,Total,0.49,0.15,18.34,70,GAK11,5/5/2011
10,Total,0.59,0.24,18.34,70,GAK11,5/5/2011
20,Total,0.52,0.26,18.34,70,GAK11,5/5/2011
30,Total,0.28,0.23,18.34,70,GAK11,5/5/2011
40,Total,0.15,0.17,18.34,70,GAK11,5/5/2011
50,Total,0.08,0.11,18.34,70,GAK11,5/5/2011
0,<20 µm,0.45,0.23,15.9,6,GP7,4/26/2011
10,<20 µm,0.44,0.24,15.9,6,GP7,4/26/2011
20,<20 µm,0.34,0.2,15.9,6,GP7,4/26/2011
30,<20 µm,0.22,0.15,15.9,6,GP7,4/26/2011
40,<20 µm,0.28,0.19,15.9,6,GP7,4/26/2011
50,<20 µm,0.18,0.15,15.9,6,GP7,4/26/2011
0,>20 µm,0.71,0.02,34.5,6,GP7,4/26/2011
10,>20 µm,0.71,0.11,34.5,6,GP7,4/26/2011
20,>20 µm,0.79,0.1,34.5,6,GP7,4/26/2011
30,>20 µm,0.69,0.07,34.5,6,GP7,4/26/2011
40,>20 µm,0.57,0.06,34.5,6,GP7,4/26/2011
50,>20 µm,0.67,0.04,34.5,6,GP7,4/26/2011
0,Total,1.16,0.25,50.4,6,GP7,4/26/2011
10,Total,1.15,0.35,50.4,6,GP7,4/26/2011
20,Total,1.13,0.3,50.4,6,GP7,4/26/2011
30,Total,0.91,0.21,50.4,6,GP7,4/26/2011
40,Total,0.85,0.25,50.4,6,GP7,4/26/2011
50,Total,0.85,0.19,50.4,6,GP7,4/26/2011
0,<20 µm,0.28,0.18,13.5,39,HH197,5/2/2011
10,<20 µm,0.28,0.19,13.5,39,HH197,5/2/2011
20,<20 µm,0.25,0.19,13.5,39,HH197,5/2/2011
30,<20 µm,0.26,0.2,13.5,39,HH197,5/2/2011
40,<20 µm,0.26,0.17,13.5,39,HH197,5/2/2011
50,<20 µm,0.3,0.19,13.5,39,HH197,5/2/2011
0,>20 µm,1.62,0.19,71.4,39,HH197,5/2/2011
10,>20 µm,1.55,0.2,71.4,39,HH197,5/2/2011
20,>20 µm,1.5,0.31,71.4,39,HH197,5/2/2011
30,>20 µm,1.31,0.2,71.4,39,HH197,5/2/2011
40,>20 µm,1.27,0.16,71.4,39,HH197,5/2/2011
50,>20 µm,1.41,0.19,71.4,39,HH197,5/2/2011
0,Total,1.9,0.37,84.9,39,HH197,5/2/2011
10,Total,1.83,0.38,84.9,39,HH197,5/2/2011
20,Total,1.75,0.5,84.9,39,HH197,5/2/2011
30,Total,1.57,0.4,84.9,39,HH197,5/2/2011
40,Total,1.53,0.34,84.9,39,HH197,5/2/2011
50,Total,1.7,0.38,84.9,39,HH197,5/2/2011
0,<20 µm,0.54,0.21,17.64,71,GAK12,5/5/2011
10,<20 µm,0.49,0.29,17.64,71,GAK12,5/5/2011
20,<20 µm,0.38,0.26,17.64,71,GAK12,5/5/2011
30,<20 µm,0.35,0.27,17.64,71,GAK12,5/5/2011
40,<20 µm,0.22,0.18,17.64,71,GAK12,5/5/2011
50,<20 µm,0.11,0.12,17.64,71,GAK12,5/5/2011
0,>20 µm,0.4,0.08,9.59,71,GAK12,5/5/2011
10,>20 µm,0.36,0.05,9.59,71,GAK12,5/5/2011
20,>20 µm,0.25,0.04,9.59,71,GAK12,5/5/2011
30,>20 µm,0.1,0.03,9.59,71,GAK12,5/5/2011
40,>20 µm,0.05,0.02,9.59,71,GAK12,5/5/2011
50,>20 µm,0.02,0.02,9.59,71,GAK12,5/5/2011
0,Total,0.94,0.29,27.23,71,GAK12,5/5/2011
10,Total,0.84,0.33,27.23,71,GAK12,5/5/2011
20,Total,0.63,0.29,27.23,71,GAK12,5/5/2011
30,Total,0.45,0.3,27.23,71,GAK12,5/5/2011
40,Total,0.27,0.2,27.23,71,GAK12,5/5/2011
50,Total,0.13,0.13,27.23,71,GAK12,5/5/2011
0,<20 µm,0.46,0.2,21.1,9,AP4,4/26/2011
10,<20 µm,0.52,0.22,21.1,9,AP4,4/26/2011
20,<20 µm,0.46,0.2,21.1,9,AP4,4/26/2011
30,<20 µm,0.37,0.17,21.1,9,AP4,4/26/2011
40,<20 µm,0.41,0.19,21.1,9,AP4,4/26/2011
50,<20 µm,0.25,0.12,21.1,9,AP4,4/26/2011
0,>20 µm,0.32,0.04,11.9,9,AP4,4/26/2011
10,>20 µm,0.26,0.03,11.9,9,AP4,4/26/2011
20,>20 µm,0.22,0.04,11.9,9,AP4,4/26/2011
30,>20 µm,0.24,0.01,11.9,9,AP4,4/26/2011
40,>20 µm,0.22,0.02,11.9,9,AP4,4/26/2011
50,>20 µm,0.16,0.02,11.9,9,AP4,4/26/2011
0,Total,0.78,0.23,32.9,9,AP4,4/26/2011
10,Total,0.78,0.25,32.9,9,AP4,4/26/2011
20,Total,0.68,0.24,32.9,9,AP4,4/26/2011
30,Total,0.61,0.18,32.9,9,AP4,4/26/2011
40,Total,0.63,0.21,32.9,9,AP4,4/26/2011
50,Total,0.42,0.14,32.9,9,AP4,4/26/2011
0,<20 µm,0.63,0.25,20.8,40,HL197,5/2/2011
10,<20 µm,0.61,0.27,20.8,40,HL197,5/2/2011
20,<20 µm,0.36,0.18,20.8,40,HL197,5/2/2011
30,<20 µm,0.35,0.2,20.8,40,HL197,5/2/2011
40,<20 µm,0.31,0.16,20.8,40,HL197,5/2/2011
50,<20 µm,0.28,0.15,20.8,40,HL197,5/2/2011
0,>20 µm,0.78,0.07,32,40,HL197,5/2/2011
10,>20 µm,0.74,0.06,32,40,HL197,5/2/2011
20,>20 µm,0.73,0.11,32,40,HL197,5/2/2011
30,>20 µm,0.56,0.08,32,40,HL197,5/2/2011
40,>20 µm,0.51,0.04,32,40,HL197,5/2/2011
50,>20 µm,0.54,0.09,32,40,HL197,5/2/2011
0,Total,1.41,0.32,52.8,40,HL197,5/2/2011
10,Total,1.35,0.33,52.8,40,HL197,5/2/2011
20,Total,1.09,0.28,52.8,40,HL197,5/2/2011
30,Total,0.91,0.28,52.8,40,HL197,5/2/2011
40,Total,0.82,0.2,52.8,40,HL197,5/2/2011
50,Total,0.82,0.24,52.8,40,HL197,5/2/2011
0,<20 µm,0.45,0.22,,SeaCat65,GAK10,5/6/2011
5,<20 µm,0.56,0.57,,SeaCat65,GAK10,5/6/2011
10,<20 µm,0.44,0.23,,SeaCat65,GAK10,5/6/2011
15,<20 µm,0.45,0.22,,SeaCat65,GAK10,5/6/2011
0,>20 µm,2.19,0.01,,SeaCat65,GAK10,5/6/2011
5,>20 µm,1.65,0.25,,SeaCat65,GAK10,5/6/2011
10,>20 µm,1.89,0.09,,SeaCat65,GAK10,5/6/2011
15,>20 µm,0.32,0.08,,SeaCat65,GAK10,5/6/2011
0,Total,2.64,0.24,,SeaCat65,GAK10,5/6/2011
5,Total,2.21,0.83,,SeaCat65,GAK10,5/6/2011
10,Total,2.33,0.32,,SeaCat65,GAK10,5/6/2011
15,Total,0.77,0.3,,SeaCat65,GAK10,5/6/2011
0,<20 µm,0.68,0.3,28.9,12,AP1,4/26/2011
10,<20 µm,0.73,0.32,28.9,12,AP1,4/26/2011
20,<20 µm,0.6,0.24,28.9,12,AP1,4/26/2011
30,<20 µm,0.51,0.23,28.9,12,AP1,4/26/2011
40,<20 µm,ns,ns,28.9,12,AP1,4/26/2011
50,<20 µm,0.46,0.24,28.9,12,AP1,4/26/2011
0,>20 µm,0.32,0.07,21.2,12,AP1,4/26/2011
10,>20 µm,0.27,0.05,21.2,12,AP1,4/26/2011
20,>20 µm,0.39,0.1,21.2,12,AP1,4/26/2011
30,>20 µm,0.51,0.14,21.2,12,AP1,4/26/2011
40,>20 µm,ns,ns,21.2,12,AP1,4/26/2011
50,>20 µm,0.54,0.11,21.2,12,AP1,4/26/2011
0,Total,1,0.37,50.1,12,AP1,4/26/2011
10,Total,0.99,0.36,50.1,12,AP1,4/26/2011
20,Total,0.99,0.33,50.1,12,AP1,4/26/2011
30,Total,1.02,0.37,50.1,12,AP1,4/26/2011
40,Total,ns,ns,50.1,12,AP1,4/26/2011
50,Total,1,0.35,50.1,12,AP1,4/26/2011
0,<20 µm,0.26,0.11,13.2,41,HP197,5/2/2011
10,<20 µm,0.25,0.1,13.2,41,HP197,5/2/2011
20,<20 µm,0.27,0.11,13.2,41,HP197,5/2/2011
30,<20 µm,0.24,0.11,13.2,41,HP197,5/2/2011
40,<20 µm,0.29,0.13,13.2,41,HP197,5/2/2011
50,<20 µm,0.26,0.12,13.2,41,HP197,5/2/2011
0,>20 µm,0.3,0.01,12.7,41,HP197,5/2/2011
10,>20 µm,0.27,0,12.7,41,HP197,5/2/2011
20,>20 µm,0.21,0,12.7,41,HP197,5/2/2011
30,>20 µm,0.25,0.01,12.7,41,HP197,5/2/2011
40,>20 µm,0.23,0,12.7,41,HP197,5/2/2011
50,>20 µm,0.3,0.02,12.7,41,HP197,5/2/2011
0,Total,0.56,0.13,25.8,41,HP197,5/2/2011
10,Total,0.52,0.1,25.8,41,HP197,5/2/2011
20,Total,0.48,0.11,25.8,41,HP197,5/2/2011
30,Total,0.5,0.13,25.8,41,HP197,5/2/2011
40,Total,0.52,0.13,25.8,41,HP197,5/2/2011
50,Total,0.57,0.14,25.8,41,HP197,5/2/2011
0,<20 µm,0.34,0.18,12.5,69,HX213,5/5/2011
10,<20 µm,0.33,0.17,12.5,69,HX213,5/5/2011
20,<20 µm,0.38,0.22,12.5,69,HX213,5/5/2011
30,<20 µm,0.3,0.26,12.5,69,HX213,5/5/2011
40,<20 µm,0.06,0.05,12.5,69,HX213,5/5/2011
50,<20 µm,0.03,0.04,12.5,69,HX213,5/5/2011
0,>20 µm,0.32,0.04,17.5,69,HX213,5/5/2011
10,>20 µm,0.36,0.05,17.5,69,HX213,5/5/2011
20,>20 µm,0.46,0.04,17.5,69,HX213,5/5/2011
30,>20 µm,0.29,0.05,17.5,69,HX213,5/5/2011
40,>20 µm,0.4,0.24,17.5,69,HX213,5/5/2011
50,>20 µm,0.16,0.13,17.5,69,HX213,5/5/2011
0,Total,0.67,0.22,30.1,69,HX213,5/5/2011
10,Total,0.69,0.22,30.1,69,HX213,5/5/2011
20,Total,0.84,0.26,30.1,69,HX213,5/5/2011
30,Total,0.6,0.31,30.1,69,HX213,5/5/2011
40,Total,0.45,0.28,30.1,69,HX213,5/5/2011
50,Total,0.2,0.17,30.1,69,HX213,5/5/2011
0,<20 µm,0.74,0.3,15.4,67,HP213,5/5/2011
10,<20 µm,0.45,0.24,15.4,67,HP213,5/5/2011
20,<20 µm,0.29,0.22,15.4,67,HP213,5/5/2011
30,<20 µm,0.21,0.19,15.4,67,HP213,5/5/2011
40,<20 µm,0.15,0.15,15.4,67,HP213,5/5/2011
0,>20 µm,0.08,0.09,2,67,HP213,5/5/2011
10,>20 µm,0.04,0.02,2,67,HP213,5/5/2011
20,>20 µm,0.04,0.03,2,67,HP213,5/5/2011
30,>20 µm,0.04,0.03,2,67,HP213,5/5/2011
40,>20 µm,0.03,0.02,2,67,HP213,5/5/2011
0,Total,0.82,0.39,17.4,67,HP213,5/5/2011
10,Total,0.48,0.27,17.4,67,HP213,5/5/2011
20,Total,0.34,0.25,17.4,67,HP213,5/5/2011
30,Total,0.25,0.21,17.4,67,HP213,5/5/2011
40,Total,0.17,0.17,17.4,67,HP213,5/5/2011
0,<20 µm,0.69,0.29,22.6,68,HT213,5/5/2011
10,<20 µm,0.7,0.28,22.6,68,HT213,5/5/2011
20,<20 µm,0.6,0.22,22.6,68,HT213,5/5/2011
30,<20 µm,0.32,0.24,22.6,68,HT213,5/5/2011
40,<20 µm,0.22,0.13,22.6,68,HT213,5/5/2011
50,<20 µm,0.17,0.14,22.6,68,HT213,5/5/2011
0,>20 µm,0.07,0.03,3.5,68,HT213,5/5/2011
10,>20 µm,0.17,0.04,3.5,68,HT213,5/5/2011
20,>20 µm,0.07,0.02,3.5,68,HT213,5/5/2011
30,>20 µm,0.05,0.03,3.5,68,HT213,5/5/2011
40,>20 µm,0.02,0.01,3.5,68,HT213,5/5/2011
50,>20 µm,0.02,0.02,3.5,68,HT213,5/5/2011
0,Total,0.76,0.31,26.1,68,HT213,5/5/2011
10,Total,0.87,0.32,26.1,68,HT213,5/5/2011
20,Total,0.67,0.24,26.1,68,HT213,5/5/2011
30,Total,0.36,0.26,26.1,68,HT213,5/5/2011
40,Total,0.24,0.15,26.1,68,HT213,5/5/2011
50,Total,0.18,0.16,26.1,68,HT213,5/5/2011
0,<20 µm,0.23,0.17,9.2,15,SE3,4/27/2011
10,<20 µm,0.21,0.16,9.2,15,SE3,4/27/2011
20,<20 µm,0.16,0.17,9.2,15,SE3,4/27/2011
30,<20 µm,0.2,0.22,9.2,15,SE3,4/27/2011
40,<20 µm,0.16,0.17,9.2,15,SE3,4/27/2011
50,<20 µm,0.15,0.16,9.2,15,SE3,4/27/2011
0,>20 µm,0.46,0.05,21.5,15,SE3,4/27/2011
10,>20 µm,0.47,0.07,21.5,15,SE3,4/27/2011
20,>20 µm,0.41,0.13,21.5,15,SE3,4/27/2011
30,>20 µm,0.41,0.14,21.5,15,SE3,4/27/2011
40,>20 µm,0.43,0.13,21.5,15,SE3,4/27/2011
50,>20 µm,0.38,0.1,21.5,15,SE3,4/27/2011
0,Total,0.69,0.21,30.7,15,SE3,4/27/2011
10,Total,0.69,0.22,30.7,15,SE3,4/27/2011
20,Total,0.57,0.3,30.7,15,SE3,4/27/2011
30,Total,0.62,0.37,30.7,15,SE3,4/27/2011
40,Total,0.59,0.3,30.7,15,SE3,4/27/2011
50,Total,0.53,0.25,30.7,15,SE3,4/27/2011
0,<20 µm,0.59,0.25,28.8,42,HT197,5/2/2011
10,<20 µm,0.61,0.21,28.8,42,HT197,5/2/2011
20,<20 µm,0.64,0.19,28.8,42,HT197,5/2/2011
30,<20 µm,0.6,0.24,28.8,42,HT197,5/2/2011
40,<20 µm,0.53,0.21,28.8,42,HT197,5/2/2011
50,<20 µm,0.41,0.2,28.8,42,HT197,5/2/2011
0,>20 µm,0.21,0.01,9.5,42,HT197,5/2/2011
10,>20 µm,0.22,0.01,9.5,42,HT197,5/2/2011
20,>20 µm,0.19,0.01,9.5,42,HT197,5/2/2011
30,>20 µm,0.2,0.04,9.5,42,HT197,5/2/2011
40,>20 µm,0.15,0.01,9.5,42,HT197,5/2/2011
50,>20 µm,0.19,0.04,9.5,42,HT197,5/2/2011
0,Total,0.8,0.25,38.3,42,HT197,5/2/2011
10,Total,0.83,0.22,38.3,42,HT197,5/2/2011
20,Total,0.83,0.2,38.3,42,HT197,5/2/2011
30,Total,0.8,0.27,38.3,42,HT197,5/2/2011
40,Total,0.68,0.22,38.3,42,HT197,5/2/2011
50,Total,0.6,0.24,38.3,42,HT197,5/2/2011
0,<20 µm,0.26,0.21,11.8,18,KE4,4/27/2011
10,<20 µm,0.23,0.19,11.8,18,KE4,4/27/2011
20,<20 µm,0.25,0.18,11.8,18,KE4,4/27/2011
30,<20 µm,ns,ns,11.8,18,KE4,4/27/2011
40,<20 µm,0.21,0.24,11.8,18,KE4,4/27/2011
50,<20 µm,0.26,0.25,11.8,18,KE4,4/27/2011
0,>20 µm,2.56,0.17,105.2,18,KE4,4/27/2011
10,>20 µm,2.62,0.46,105.2,18,KE4,4/27/2011
20,>20 µm,2.49,0.3,105.2,18,KE4,4/27/2011
30,>20 µm,ns,ns,105.2,18,KE4,4/27/2011
40,>20 µm,1.49,0.24,105.2,18,KE4,4/27/2011
50,>20 µm,1.27,0.22,105.2,18,KE4,4/27/2011
0,Total,2.82,0.37,117,18,KE4,4/27/2011
10,Total,2.85,0.65,117,18,KE4,4/27/2011
20,Total,2.74,0.49,117,18,KE4,4/27/2011
30,Total,ns,ns,117,18,KE4,4/27/2011
40,Total,1.71,0.48,117,18,KE4,4/27/2011
50,Total,1.52,0.46,117,18,KE4,4/27/2011
0,<20 µm,0.16,0.01,7.9,43,HX197,5/2/2011
10,<20 µm,0.14,-0.01,7.9,43,HX197,5/2/2011
20,<20 µm,ns,ns,7.9,43,HX197,5/2/2011
30,<20 µm,0.25,0.02,7.9,43,HX197,5/2/2011
40,<20 µm,0.07,0,7.9,43,HX197,5/2/2011
50,<20 µm,0.1,0,7.9,43,HX197,5/2/2011
0,>20 µm,0.49,0.16,16.3,43,HX197,5/2/2011
10,>20 µm,0.47,0.19,16.3,43,HX197,5/2/2011
20,>20 µm,ns,ns,16.3,43,HX197,5/2/2011
30,>20 µm,0.29,0.13,16.3,43,HX197,5/2/2011
40,>20 µm,0.16,0.09,16.3,43,HX197,5/2/2011
50,>20 µm,0.15,0.1,16.3,43,HX197,5/2/2011
0,Total,0.65,0.16,24.2,43,HX197,5/2/2011
10,Total,0.62,0.18,24.2,43,HX197,5/2/2011
20,Total,ns,ns,24.2,43,HX197,5/2/2011
30,Total,0.54,0.15,24.2,43,HX197,5/2/2011
40,Total,0.23,0.09,24.2,43,HX197,5/2/2011
50,Total,0.25,0.1,24.2,43,HX197,5/2/2011
0,<20 µm,0.58,0.26,19.2,21,HL181,4/28/2011
10,<20 µm,0.44,0.21,19.2,21,HL181,4/28/2011
20,<20 µm,ns,ns,19.2,21,HL181,4/28/2011
30,<20 µm,0.31,0.29,19.2,21,HL181,4/28/2011
40,<20 µm,ns,ns,19.2,21,HL181,4/28/2011
50,<20 µm,0.22,0.24,19.2,21,HL181,4/28/2011
0,>20 µm,3.07,0.39,133.8,21,HL181,4/28/2011
10,>20 µm,2.65,0.43,133.8,21,HL181,4/28/2011
20,>20 µm,ns,ns,133.8,21,HL181,4/28/2011
30,>20 µm,ns,ns,133.8,21,HL181,4/28/2011
40,>20 µm,ns,ns,133.8,21,HL181,4/28/2011
50,>20 µm,2.75,0.45,133.8,21,HL181,4/28/2011
0,Total,3.64,0.65,153,21,HL181,4/28/2011
10,Total,3.09,0.63,153,21,HL181,4/28/2011
20,Total,ns,ns,153,21,HL181,4/28/2011
30,Total,2.7,0.77,153,21,HL181,4/28/2011
40,Total,ns,ns,153,21,HL181,4/28/2011
50,Total,2.97,0.69,153,21,HL181,4/28/2011
0,<20 µm,0.35,0.11,15.7,45,HX201,5/2/2011
10,<20 µm,0.35,0.08,15.7,45,HX201,5/2/2011
20,<20 µm,0.41,0.14,15.7,45,HX201,5/2/2011
30,<20 µm,0.31,0.15,15.7,45,HX201,5/2/2011
40,<20 µm,0.23,0.13,15.7,45,HX201,5/2/2011
50,<20 µm,0.21,0.11,15.7,45,HX201,5/2/2011
0,>20 µm,0.06,-0.02,2.4,45,HX201,5/2/2011
10,>20 µm,0.05,-0.02,2.4,45,HX201,5/2/2011
20,>20 µm,0.04,-0.03,2.4,45,HX201,5/2/2011
30,>20 µm,0.05,-0.02,2.4,45,HX201,5/2/2011
40,>20 µm,0.04,-0.02,2.4,45,HX201,5/2/2011
50,>20 µm,0.05,-0.01,2.4,45,HX201,5/2/2011
0,Total,0.4,0.08,18.1,45,HX201,5/2/2011
10,Total,0.4,0.07,18.1,45,HX201,5/2/2011
20,Total,0.45,0.11,18.1,45,HX201,5/2/2011
30,Total,0.36,0.13,18.1,45,HX201,5/2/2011
40,Total,0.27,0.11,18.1,45,HX201,5/2/2011
50,Total,0.26,0.1,18.1,45,HX201,5/2/2011
0,<20 µm,0.67,0.23,22.12,22,HP181,4/29/2011
10,<20 µm,0.54,0.19,22.12,22,HP181,4/29/2011
20,<20 µm,0.55,0.2,22.12,22,HP181,4/29/2011
30,<20 µm,0.49,0.19,22.12,22,HP181,4/29/2011
40,<20 µm,0.21,0.13,22.12,22,HP181,4/29/2011
50,<20 µm,0.17,0.12,22.12,22,HP181,4/29/2011
0,>20 µm,2.39,0.33,84.3,22,HP181,4/29/2011
10,>20 µm,1.69,0.42,84.3,22,HP181,4/29/2011
20,>20 µm,2.51,0.38,84.3,22,HP181,4/29/2011
30,>20 µm,2.13,0.38,84.3,22,HP181,4/29/2011
40,>20 µm,0.63,0.18,84.3,22,HP181,4/29/2011
50,>20 µm,0.53,0.22,84.3,22,HP181,4/29/2011
0,Total,3.07,0.55,106.42,22,HP181,4/29/2011
10,Total,2.23,0.61,106.42,22,HP181,4/29/2011
20,Total,3.07,0.58,106.42,22,HP181,4/29/2011
30,Total,2.62,0.57,106.42,22,HP181,4/29/2011
40,Total,0.84,0.31,106.42,22,HP181,4/29/2011
50,Total,0.7,0.34,106.42,22,HP181,4/29/2011
0,<20 µm,0.4,0.16,15.5,46,HT201,5/2/2011
10,<20 µm,0.45,0.18,15.5,46,HT201,5/2/2011
20,<20 µm,0.48,0.24,15.5,46,HT201,5/2/2011
30,<20 µm,0.23,0.17,15.5,46,HT201,5/2/2011
40,<20 µm,0.16,0.11,15.5,46,HT201,5/2/2011
50,<20 µm,0.08,0.05,15.5,46,HT201,5/2/2011
0,>20 µm,0.1,-0.02,3.8,46,HT201,5/2/2011
10,>20 µm,0.09,-0.01,3.8,46,HT201,5/2/2011
20,>20 µm,0.07,0,3.8,46,HT201,5/2/2011
30,>20 µm,0.08,-0.01,3.8,46,HT201,5/2/2011
40,>20 µm,0.06,-0.02,3.8,46,HT201,5/2/2011
50,>20 µm,0.04,-0.01,3.8,46,HT201,5/2/2011
0,Total,0.5,0.14,19.3,46,HT201,5/2/2011
10,Total,0.54,0.17,19.3,46,HT201,5/2/2011
20,Total,0.55,0.24,19.3,46,HT201,5/2/2011
30,Total,0.31,0.17,19.3,46,HT201,5/2/2011
40,Total,0.22,0.09,19.3,46,HT201,5/2/2011
50,Total,0.12,0.03,19.3,46,HT201,5/2/2011
0,<20 µm,0.31,0.2,14.2,36,HL193,5/1/2011
10,<20 µm,0.25,0.17,14.2,36,HL193,5/1/2011
20,<20 µm,0.26,0.19,14.2,36,HL193,5/1/2011
30,<20 µm,0.28,0.17,14.2,36,HL193,5/1/2011
45,<20 µm,0.32,0.21,14.2,36,HL193,5/1/2011
0,>20 µm,2.79,0.58,141.2,36,HL193,5/1/2011
10,>20 µm,2.95,0.3,141.2,36,HL193,5/1/2011
20,>20 µm,3.14,0.36,141.2,36,HL193,5/1/2011
30,>20 µm,2.65,0.54,141.2,36,HL193,5/1/2011
45,>20 µm,2.66,0.56,141.2,36,HL193,5/1/2011
0,Total,3.1,0.78,155.3,36,HL193,5/1/2011
10,Total,3.2,0.46,155.3,36,HL193,5/1/2011
20,Total,3.4,0.55,155.3,36,HL193,5/1/2011
30,Total,2.93,0.72,155.3,36,HL193,5/1/2011
45,Total,2.97,0.77,155.3,36,HL193,5/1/2011
0,<20 µm,0.38,0.16,20.8,61,HL209,5/4/2011
10,<20 µm,0.66,0.28,20.8,61,HL209,5/4/2011
20,<20 µm,0.57,0.32,20.8,61,HL209,5/4/2011
30,<20 µm,0.34,0.22,20.8,61,HL209,5/4/2011
40,<20 µm,0.23,0.17,20.8,61,HL209,5/4/2011
50,<20 µm,0.18,0.15,20.8,61,HL209,5/4/2011
0,>20 µm,0.06,0.01,3.2,61,HL209,5/4/2011
10,>20 µm,0.07,0.02,3.2,61,HL209,5/4/2011
20,>20 µm,0.08,0.03,3.2,61,HL209,5/4/2011
30,>20 µm,0.08,0.02,3.2,61,HL209,5/4/2011
40,>20 µm,0.04,0.02,3.2,61,HL209,5/4/2011
50,>20 µm,0.03,0.02,3.2,61,HL209,5/4/2011
0,Total,0.44,0.17,24,61,HL209,5/4/2011
10,Total,0.74,0.3,24,61,HL209,5/4/2011
20,Total,0.65,0.35,24,61,HL209,5/4/2011
30,Total,0.42,0.24,24,61,HL209,5/4/2011
40,Total,0.27,0.19,24,61,HL209,5/4/2011
50,Total,0.21,0.17,24,61,HL209,5/4/2011
0,<20 µm,0.49,0.2,13.7,37,HH193,5/1/2011
10,<20 µm,0.24,0.18,13.7,37,HH193,5/1/2011
20,<20 µm,0.16,0.15,13.7,37,HH193,5/1/2011
30,<20 µm,0.12,0.16,13.7,37,HH193,5/1/2011
40,<20 µm,0.45,0.24,13.7,37,HH193,5/1/2011
50,<20 µm,0.3,0.18,13.7,37,HH193,5/1/2011
0,>20 µm,6.31,0.41,111.6,37,HH193,5/1/2011
10,>20 µm,5.59,0.59,111.6,37,HH193,5/1/2011
20,>20 µm,1.31,0.24,111.6,37,HH193,5/1/2011
30,>20 µm,0.37,0.11,111.6,37,HH193,5/1/2011
40,>20 µm,0.67,0.13,111.6,37,HH193,5/1/2011
50,>20 µm,0.13,0,111.6,37,HH193,5/1/2011
0,Total,6.8,0.62,125.2,37,HH193,5/1/2011
10,Total,5.83,0.77,125.2,37,HH193,5/1/2011
20,Total,1.47,0.4,125.2,37,HH193,5/1/2011
30,Total,0.49,0.28,125.2,37,HH193,5/1/2011
40,Total,1.12,0.37,125.2,37,HH193,5/1/2011
50,Total,0.43,0.19,125.2,37,HH193,5/1/2011
0,<20 µm,0.58,0.26,18.2,62,HH209,5/4/2011
10,<20 µm,0.63,0.3,18.2,62,HH209,5/4/2011
20,<20 µm,0.41,0.27,18.2,62,HH209,5/4/2011
30,<20 µm,0.22,0.23,18.2,62,HH209,5/4/2011
40,<20 µm,0.2,0.17,18.2,62,HH209,5/4/2011
50,<20 µm,0.13,0.12,18.2,62,HH209,5/4/2011
0,>20 µm,0.03,0.01,1.5,62,HH209,5/4/2011
10,>20 µm,0.03,0.01,1.5,62,HH209,5/4/2011
20,>20 µm,0.03,0.01,1.5,62,HH209,5/4/2011
30,>20 µm,0.03,0.03,1.5,62,HH209,5/4/2011
40,>20 µm,0.03,0.02,1.5,62,HH209,5/4/2011
50,>20 µm,0.02,0.01,1.5,62,HH209,5/4/2011
0,Total,0.62,0.28,19.7,62,HH209,5/4/2011
10,Total,0.66,0.31,19.7,62,HH209,5/4/2011
20,Total,0.45,0.29,19.7,62,HH209,5/4/2011
30,Total,0.25,0.25,19.7,62,HH209,5/4/2011
40,Total,0.23,0.2,19.7,62,HH209,5/4/2011
50,Total,0.15,0.13,19.7,62,HH209,5/4/2011
0,<20 µm,0.72,0.34,19.1,35,HP193,5/1/2011
10,<20 µm,0.55,0.23,19.1,35,HP193,5/1/2011
20,<20 µm,0.3,0.16,19.1,35,HP193,5/1/2011
30,<20 µm,ns,ns,19.1,35,HP193,5/1/2011
40,<20 µm,0.28,0.17,19.1,35,HP193,5/1/2011
50,<20 µm,0.24,0.16,19.1,35,HP193,5/1/2011
0,>20 µm,2.58,0.39,82.3,35,HP193,5/1/2011
10,>20 µm,2.2,0.43,82.3,35,HP193,5/1/2011
20,>20 µm,1.57,0.21,82.3,35,HP193,5/1/2011
30,>20 µm,ns,ns,82.3,35,HP193,5/1/2011
40,>20 µm,1.2,0.21,82.3,35,HP193,5/1/2011
50,>20 µm,1.17,0.14,82.3,35,HP193,5/1/2011
0,Total,3.3,0.74,101.4,35,HP193,5/1/2011
10,Total,2.75,0.66,101.4,35,HP193,5/1/2011
20,Total,1.87,0.37,101.4,35,HP193,5/1/2011
30,Total,ns,ns,101.4,35,HP193,5/1/2011
40,Total,1.48,0.38,101.4,35,HP193,5/1/2011
50,Total,1.41,0.3,101.4,35,HP193,5/1/2011
0,<20 µm,0.73,0.26,30.8,60,HP209,5/4/2011
10,<20 µm,0.87,0.34,30.8,60,HP209,5/4/2011
20,<20 µm,0.83,0.31,30.8,60,HP209,5/4/2011
30,<20 µm,0.5,0.23,30.8,60,HP209,5/4/2011
40,<20 µm,0.38,0.22,30.8,60,HP209,5/4/2011
50,<20 µm,0.25,0.19,30.8,60,HP209,5/4/2011
0,>20 µm,0.2,0.04,9.2,60,HP209,5/4/2011
10,>20 µm,0.21,0.04,9.2,60,HP209,5/4/2011
20,>20 µm,0.21,0.03,9.2,60,HP209,5/4/2011
30,>20 µm,0.21,0.04,9.2,60,HP209,5/4/2011
40,>20 µm,0.14,0.04,9.2,60,HP209,5/4/2011
50,>20 µm,0.11,0.04,9.2,60,HP209,5/4/2011
0,Total,0.93,0.3,40,60,HP209,5/4/2011
10,Total,1.07,0.38,40,60,HP209,5/4/2011
20,Total,1.05,0.33,40,60,HP209,5/4/2011
30,Total,0.71,0.27,40,60,HP209,5/4/2011
40,Total,0.52,0.25,40,60,HP209,5/4/2011
50,Total,0.37,0.23,40,60,HP209,5/4/2011
0,<20 µm,0.59,0.2,23.42,92,GAK8(2),5/7/2011
10,<20 µm,0.58,0.19,23.42,92,GAK8(2),5/7/2011
20,<20 µm,0.54,0.2,23.42,92,GAK8(2),5/7/2011
30,<20 µm,0.46,0.28,23.42,92,GAK8(2),5/7/2011
40,<20 µm,0.33,0.26,23.42,92,GAK8(2),5/7/2011
50,<20 µm,0.27,0.22,23.42,92,GAK8(2),5/7/2011
0,>20 µm,2.16,0.11,51.68,92,GAK8(2),5/7/2011
10,>20 µm,2.27,0.13,51.68,92,GAK8(2),5/7/2011
20,>20 µm,0.91,0.11,51.68,92,GAK8(2),5/7/2011
30,>20 µm,0.63,0.1,51.68,92,GAK8(2),5/7/2011
40,>20 µm,0.22,0.06,51.68,92,GAK8(2),5/7/2011
50,>20 µm,0.11,0.03,51.68,92,GAK8(2),5/7/2011
0,Total,2.75,0.31,75.11,92,GAK8(2),5/7/2011
10,Total,2.85,0.32,75.11,92,GAK8(2),5/7/2011
20,Total,1.45,0.3,75.11,92,GAK8(2),5/7/2011
30,Total,1.09,0.37,75.11,92,GAK8(2),5/7/2011
40,Total,0.55,0.32,75.11,92,GAK8(2),5/7/2011
50,Total,0.37,0.26,75.11,92,GAK8(2),5/7/2011
0,<20 µm,0.57,0.21,21.88,93,GAK9(2),5/7/2011
10,<20 µm,0.38,0.15,21.88,93,GAK9(2),5/7/2011
20,<20 µm,0.54,0.17,21.88,93,GAK9(2),5/7/2011
30,<20 µm,0.49,0.34,21.88,93,GAK9(2),5/7/2011
40,<20 µm,0.4,0.26,21.88,93,GAK9(2),5/7/2011
50,<20 µm,0.19,0.18,21.88,93,GAK9(2),5/7/2011
0,>20 µm,0.77,0.08,28.2,93,GAK9(2),5/7/2011
10,>20 µm,0.76,0.08,28.2,93,GAK9(2),5/7/2011
20,>20 µm,0.77,0.08,28.2,93,GAK9(2),5/7/2011
30,>20 µm,0.45,0.06,28.2,93,GAK9(2),5/7/2011
40,>20 µm,0.43,0.09,28.2,93,GAK9(2),5/7/2011
50,>20 µm,0.06,0.02,28.2,93,GAK9(2),5/7/2011
0,Total,1.33,0.29,50.08,93,GAK9(2),5/7/2011
10,Total,1.14,0.22,50.08,93,GAK9(2),5/7/2011
20,Total,1.31,0.25,50.08,93,GAK9(2),5/7/2011
30,Total,0.94,0.4,50.08,93,GAK9(2),5/7/2011
40,Total,0.83,0.35,50.08,93,GAK9(2),5/7/2011
50,Total,0.26,0.2,50.08,93,GAK9(2),5/7/2011
0,<20 µm,0.49,0.22,17.32,94,GAK10(2),5/7/2011
10,<20 µm,0.5,0.2,17.32,94,GAK10(2),5/7/2011
20,<20 µm,0.28,0.29,17.32,94,GAK10(2),5/7/2011
30,<20 µm,0.48,0.37,17.32,94,GAK10(2),5/7/2011
40,<20 µm,0.18,0.2,17.32,94,GAK10(2),5/7/2011
50,<20 µm,0.11,0.11,17.32,94,GAK10(2),5/7/2011
0,>20 µm,1.73,0.15,49.34,94,GAK10(2),5/7/2011
10,>20 µm,2.03,0.12,49.34,94,GAK10(2),5/7/2011
20,>20 µm,1.31,0.13,49.34,94,GAK10(2),5/7/2011
30,>20 µm,0.56,0.15,49.34,94,GAK10(2),5/7/2011
40,>20 µm,0.15,0.07,49.34,94,GAK10(2),5/7/2011
50,>20 µm,0.04,0.04,49.34,94,GAK10(2),5/7/2011
0,Total,2.23,0.36,66.66,94,GAK10(2),5/7/2011
10,Total,2.52,0.32,66.66,94,GAK10(2),5/7/2011
20,Total,1.58,0.42,66.66,94,GAK10(2),5/7/2011
30,Total,1.04,0.52,66.66,94,GAK10(2),5/7/2011
40,Total,0.33,0.27,66.66,94,GAK10(2),5/7/2011
50,Total,0.15,0.15,66.66,94,GAK10(2),5/7/2011
0,<20 µm,0.42,0.17,15.83,90,GAK6(2),5/7/2011
10,<20 µm,0.44,0.2,15.83,90,GAK6(2),5/7/2011
20,<20 µm,0.37,0.24,15.83,90,GAK6(2),5/7/2011
30,<20 µm,0.24,0.21,15.83,90,GAK6(2),5/7/2011
40,<20 µm,0.23,0.21,15.83,90,GAK6(2),5/7/2011
50,<20 µm,0.17,0.16,15.83,90,GAK6(2),5/7/2011
0,>20 µm,0.03,0,1.44,90,GAK6(2),5/7/2011
10,>20 µm,0.04,-0.01,1.44,90,GAK6(2),5/7/2011
20,>20 µm,0.03,0,1.44,90,GAK6(2),5/7/2011
30,>20 µm,0.03,0,1.44,90,GAK6(2),5/7/2011
40,>20 µm,0.02,0,1.44,90,GAK6(2),5/7/2011
50,>20 µm,0.02,0,1.44,90,GAK6(2),5/7/2011
0,Total,0.46,0.18,17.27,90,GAK6(2),5/7/2011
10,Total,0.48,0.19,17.27,90,GAK6(2),5/7/2011
20,Total,0.4,0.25,17.27,90,GAK6(2),5/7/2011
30,Total,0.27,0.22,17.27,90,GAK6(2),5/7/2011
40,Total,0.25,0.2,17.27,90,GAK6(2),5/7/2011
50,Total,0.19,0.16,17.27,90,GAK6(2),5/7/2011
0,<20 µm,0.44,0.18,15.33,91,GAK7(2),5/7/2011
10,<20 µm,0.41,0.17,15.33,91,GAK7(2),5/7/2011
20,<20 µm,0.39,0.3,15.33,91,GAK7(2),5/7/2011
30,<20 µm,0.24,0.22,15.33,91,GAK7(2),5/7/2011
40,<20 µm,0.21,0.22,15.33,91,GAK7(2),5/7/2011
50,<20 µm,0.14,0.16,15.33,91,GAK7(2),5/7/2011
0,>20 µm,3.2,0.23,110.9,91,GAK7(2),5/7/2011
10,>20 µm,3.15,0.37,110.9,91,GAK7(2),5/7/2011
20,>20 µm,3.02,0.35,110.9,91,GAK7(2),5/7/2011
30,>20 µm,2.3,0.2,110.9,91,GAK7(2),5/7/2011
40,>20 µm,0.9,0.13,110.9,91,GAK7(2),5/7/2011
50,>20 µm,0.25,0.08,110.9,91,GAK7(2),5/7/2011
0,Total,3.64,0.41,126.23,91,GAK7(2),5/7/2011
10,Total,3.56,0.54,126.23,91,GAK7(2),5/7/2011
20,Total,3.41,0.65,126.23,91,GAK7(2),5/7/2011
30,Total,2.53,0.42,126.23,91,GAK7(2),5/7/2011
40,Total,1.11,0.36,126.23,91,GAK7(2),5/7/2011
50,Total,0.38,0.23,126.23,91,GAK7(2),5/7/2011
0,<20 µm,0.74,0.3,31.64,33,HX193,4/30/2011
10,<20 µm,0.76,0.25,31.64,33,HX193,4/30/2011
20,<20 µm,0.88,0.39,31.64,33,HX193,4/30/2011
30,<20 µm,0.3,0.24,31.64,33,HX193,4/30/2011
40,<20 µm,0.73,0.27,31.64,33,HX193,4/30/2011
50,<20 µm,0.26,0.21,31.64,33,HX193,4/30/2011
0,>20 µm,0.36,0.09,16.07,33,HX193,4/30/2011
10,>20 µm,0.33,0.07,16.07,33,HX193,4/30/2011
20,>20 µm,0.45,0.1,16.07,33,HX193,4/30/2011
30,>20 µm,0.25,0.05,16.07,33,HX193,4/30/2011
40,>20 µm,0.32,0.08,16.07,33,HX193,4/30/2011
50,>20 µm,0.15,0.05,16.07,33,HX193,4/30/2011
0,Total,1.1,0.39,47.71,33,HX193,4/30/2011
10,Total,1.09,0.31,47.71,33,HX193,4/30/2011
20,Total,1.33,0.49,47.71,33,HX193,4/30/2011
30,Total,0.55,0.29,47.71,33,HX193,4/30/2011
40,Total,1.04,0.36,47.71,33,HX193,4/30/2011
50,Total,0.41,0.26,47.71,33,HX193,4/30/2011
0,<20 µm,0.38,0.3,12,58,HX209,5/4/2011
10,<20 µm,0.44,0.33,12,58,HX209,5/4/2011
20,<20 µm,0.26,0.23,12,58,HX209,5/4/2011
30,<20 µm,0.16,0.17,12,58,HX209,5/4/2011
40,<20 µm,0.11,0.15,12,58,HX209,5/4/2011
50,<20 µm,0.07,0.1,12,58,HX209,5/4/2011
0,>20 µm,6.47,-1.95,79.4,58,HX209,5/4/2011
10,>20 µm,4.01,0.56,79.4,58,HX209,5/4/2011
20,>20 µm,0.64,0.13,79.4,58,HX209,5/4/2011
30,>20 µm,0.02,0.05,79.4,58,HX209,5/4/2011
40,>20 µm,0.03,0.13,79.4,58,HX209,5/4/2011
50,>20 µm,0.01,0.01,79.4,58,HX209,5/4/2011
0,Total,6.85,-1.65,91.4,58,HX209,5/4/2011
10,Total,4.45,0.89,91.4,58,HX209,5/4/2011
20,Total,0.9,0.37,91.4,58,HX209,5/4/2011
30,Total,0.18,0.22,91.4,58,HX209,5/4/2011
40,Total,0.14,0.28,91.4,58,HX209,5/4/2011
50,Total,0.08,0.12,91.4,58,HX209,5/4/2011
0,<20 µm,0.36,0.2,17.6,34,HT193,5/1/2011
10,<20 µm,0.36,0.2,17.6,34,HT193,5/1/2011
20,<20 µm,0.42,0.18,17.6,34,HT193,5/1/2011
30,<20 µm,0.41,0.21,17.6,34,HT193,5/1/2011
40,<20 µm,0.26,0.17,17.6,34,HT193,5/1/2011
50,<20 µm,0.22,0.16,17.6,34,HT193,5/1/2011
0,>20 µm,0.11,0.01,5.3,34,HT193,5/1/2011
10,>20 µm,0.1,0.01,5.3,34,HT193,5/1/2011
20,>20 µm,0.11,0.02,5.3,34,HT193,5/1/2011
30,>20 µm,0.12,0.02,5.3,34,HT193,5/1/2011
40,>20 µm,0.1,0.02,5.3,34,HT193,5/1/2011
50,>20 µm,0.09,0.04,5.3,34,HT193,5/1/2011
0,Total,0.47,0.2,22.8,34,HT193,5/1/2011
10,Total,0.46,0.21,22.8,34,HT193,5/1/2011
20,Total,0.53,0.2,22.8,34,HT193,5/1/2011
30,Total,0.53,0.23,22.8,34,HT193,5/1/2011
40,Total,0.37,0.18,22.8,34,HT193,5/1/2011
50,Total,0.32,0.2,22.8,34,HT193,5/1/2011
0,<20 µm,0.83,0.34,20.7,59,HT209,5/4/2011
10,<20 µm,0.77,0.34,20.7,59,HT209,5/4/2011
20,<20 µm,0.41,0.27,20.7,59,HT209,5/4/2011
30,<20 µm,0.41,0.27,20.7,59,HT209,5/4/2011
40,<20 µm,0.05,0.03,20.7,59,HT209,5/4/2011
50,<20 µm,0.04,0.03,20.7,59,HT209,5/4/2011
0,>20 µm,0.4,0.08,14.6,59,HT209,5/4/2011
10,>20 µm,0.36,0.06,14.6,59,HT209,5/4/2011
20,>20 µm,0.19,0.04,14.6,59,HT209,5/4/2011
30,>20 µm,0.15,0.04,14.6,59,HT209,5/4/2011
40,>20 µm,0.44,0.23,14.6,59,HT209,5/4/2011
50,>20 µm,0.25,0.2,14.6,59,HT209,5/4/2011
0,Total,1.22,0.42,35.2,59,HT209,5/4/2011
10,Total,1.13,0.41,35.2,59,HT209,5/4/2011
20,Total,0.6,0.31,35.2,59,HT209,5/4/2011
30,Total,0.56,0.31,35.2,59,HT209,5/4/2011
40,Total,0.48,0.26,35.2,59,HT209,5/4/2011
50,Total,0.29,0.23,35.2,59,HT209,5/4/2011
0,<20 µm,0.63,0.21,23,86,GAK2(2),5/7/2011
10,<20 µm,1.36,0.57,23,86,GAK2(2),5/7/2011
20,<20 µm,ns,ns,23,86,GAK2(2),5/7/2011
30,<20 µm,0.35,0.22,23,86,GAK2(2),5/7/2011
40,<20 µm,0.18,0.1,23,86,GAK2(2),5/7/2011
50,<20 µm,0.19,0.13,23,86,GAK2(2),5/7/2011
0,>20 µm,0.1,0.01,3.06,86,GAK2(2),5/7/2011
10,>20 µm,0.15,0.03,3.06,86,GAK2(2),5/7/2011
20,>20 µm,ns,ns,3.06,86,GAK2(2),5/7/2011
30,>20 µm,0.05,0.01,3.06,86,GAK2(2),5/7/2011
40,>20 µm,0.04,0.01,3.06,86,GAK2(2),5/7/2011
50,>20 µm,0.04,0.02,3.06,86,GAK2(2),5/7/2011
0,Total,0.73,0.22,26.06,86,GAK2(2),5/7/2011
10,Total,1.51,0.59,26.06,86,GAK2(2),5/7/2011
20,Total,ns,ns,26.06,86,GAK2(2),5/7/2011
30,Total,0.4,0.23,26.06,86,GAK2(2),5/7/2011
40,Total,0.21,0.12,26.06,86,GAK2(2),5/7/2011
50,Total,0.23,0.14,26.06,86,GAK2(2),5/7/2011
0,<20 µm,0.5,0.15,26.43,85,GAK1(2),5/7/2011
10,<20 µm,0.55,0.16,26.43,85,GAK1(2),5/7/2011
20,<20 µm,0.44,0.22,26.43,85,GAK1(2),5/7/2011
30,<20 µm,0.59,0.27,26.43,85,GAK1(2),5/7/2011
40,<20 µm,0.53,0.27,26.43,85,GAK1(2),5/7/2011
50,<20 µm,0.54,0.27,26.43,85,GAK1(2),5/7/2011
0,>20 µm,0.2,0.04,59.56,85,GAK1(2),5/7/2011
10,>20 µm,0.27,0.05,59.56,85,GAK1(2),5/7/2011
20,>20 µm,1.51,0.38,59.56,85,GAK1(2),5/7/2011
30,>20 µm,1.58,0.43,59.56,85,GAK1(2),5/7/2011
40,>20 µm,1.82,0.49,59.56,85,GAK1(2),5/7/2011
50,>20 µm,1.35,0.3,59.56,85,GAK1(2),5/7/2011
0,Total,0.7,0.18,85.99,85,GAK1(2),5/7/2011
10,Total,0.82,0.21,85.99,85,GAK1(2),5/7/2011
20,Total,1.95,0.59,85.99,85,GAK1(2),5/7/2011
30,Total,2.17,0.7,85.99,85,GAK1(2),5/7/2011
40,Total,2.36,0.76,85.99,85,GAK1(2),5/7/2011
50,Total,1.89,0.57,85.99,85,GAK1(2),5/7/2011
0,<20 µm,0.68,0.23,23.54,87,GAK3(2),5/7/2011
10,<20 µm,1.07,0.38,23.54,87,GAK3(2),5/7/2011
20,<20 µm,0.57,0.37,23.54,87,GAK3(2),5/7/2011
30,<20 µm,0.2,0.16,23.54,87,GAK3(2),5/7/2011
40,<20 µm,0.12,0.08,23.54,87,GAK3(2),5/7/2011
50,<20 µm,0.09,0.08,23.54,87,GAK3(2),5/7/2011
0,>20 µm,0.09,0.01,2.17,87,GAK3(2),5/7/2011
10,>20 µm,0.07,0.01,2.17,87,GAK3(2),5/7/2011
20,>20 µm,0.04,0.01,2.17,87,GAK3(2),5/7/2011
30,>20 µm,0.04,0.02,2.17,87,GAK3(2),5/7/2011
40,>20 µm,0.02,0,2.17,87,GAK3(2),5/7/2011
50,>20 µm,0.01,0.02,2.17,87,GAK3(2),5/7/2011
0,Total,0.77,0.24,25.72,87,GAK3(2),5/7/2011
10,Total,1.15,0.38,25.72,87,GAK3(2),5/7/2011
20,Total,0.61,0.38,25.72,87,GAK3(2),5/7/2011
30,Total,0.24,0.18,25.72,87,GAK3(2),5/7/2011
40,Total,0.15,0.08,25.72,87,GAK3(2),5/7/2011
50,Total,0.1,0.09,25.72,87,GAK3(2),5/7/2011
0,<20 µm,0.68,0.16,37.4,88,GAK4(2),5/7/2011
10,<20 µm,1.09,0.35,37.4,88,GAK4(2),5/7/2011
20,<20 µm,1.1,0.44,37.4,88,GAK4(2),5/7/2011
30,<20 µm,0.58,0.32,37.4,88,GAK4(2),5/7/2011
40,<20 µm,0.53,0.07,37.4,88,GAK4(2),5/7/2011
50,<20 µm,0.23,0.14,37.4,88,GAK4(2),5/7/2011
0,>20 µm,0.08,0,3.28,88,GAK4(2),5/7/2011
10,>20 µm,0.08,0,3.28,88,GAK4(2),5/7/2011
20,>20 µm,0.04,0.01,3.28,88,GAK4(2),5/7/2011
30,>20 µm,0.1,0.01,3.28,88,GAK4(2),5/7/2011
40,>20 µm,0.06,0.01,3.28,88,GAK4(2),5/7/2011
50,>20 µm,0.03,0,3.28,88,GAK4(2),5/7/2011
0,Total,0.76,0.16,40.68,88,GAK4(2),5/7/2011
10,Total,1.16,0.36,40.68,88,GAK4(2),5/7/2011
20,Total,1.14,0.44,40.68,88,GAK4(2),5/7/2011
30,Total,0.68,0.33,40.68,88,GAK4(2),5/7/2011
40,Total,0.58,0.07,40.68,88,GAK4(2),5/7/2011
50,Total,0.26,0.14,40.68,88,GAK4(2),5/7/2011
0,<20 µm,0.56,0.22,23.35,89,GAK5(2),5/7/2011
10,<20 µm,0.67,0.21,23.35,89,GAK5(2),5/7/2011
20,<20 µm,0.44,0.19,23.35,89,GAK5(2),5/7/2011
30,<20 µm,0.41,0.29,23.35,89,GAK5(2),5/7/2011
40,<20 µm,0.38,0.18,23.35,89,GAK5(2),5/7/2011
50,<20 µm,0.3,0.2,23.35,89,GAK5(2),5/7/2011
0,>20 µm,0.14,0.01,2.84,89,GAK5(2),5/7/2011
10,>20 µm,0.08,0.01,2.84,89,GAK5(2),5/7/2011
20,>20 µm,0.03,0.01,2.84,89,GAK5(2),5/7/2011
30,>20 µm,0.04,0.01,2.84,89,GAK5(2),5/7/2011
40,>20 µm,0.04,0.01,2.84,89,GAK5(2),5/7/2011
50,>20 µm,0.03,0.01,2.84,89,GAK5(2),5/7/2011
0,Total,0.7,0.23,26.19,89,GAK5(2),5/7/2011
10,Total,0.75,0.21,26.19,89,GAK5(2),5/7/2011
20,Total,0.48,0.2,26.19,89,GAK5(2),5/7/2011
30,Total,0.46,0.3,26.19,89,GAK5(2),5/7/2011
40,Total,0.42,0.19,26.19,89,GAK5(2),5/7/2011
50,Total,0.33,0.2,26.19,89,GAK5(2),5/7/2011
0,<20 µm,0.55,0.22,17.13,31,HT189,4/30/2011
10,<20 µm,0.45,0.22,17.13,31,HT189,4/30/2011
20,<20 µm,0.4,0.23,17.13,31,HT189,4/30/2011
30,<20 µm,0.29,0.2,17.13,31,HT189,4/30/2011
40,<20 µm,0.23,0.16,17.13,31,HT189,4/30/2011
50,<20 µm,0.15,0.09,17.13,31,HT189,4/30/2011
0,>20 µm,0.51,0.11,14.46,31,HT189,4/30/2011
10,>20 µm,0.36,0.09,14.46,31,HT189,4/30/2011
20,>20 µm,0.32,0.12,14.46,31,HT189,4/30/2011
30,>20 µm,0.3,0.1,14.46,31,HT189,4/30/2011
40,>20 µm,0.16,0.03,14.46,31,HT189,4/30/2011
50,>20 µm,0.1,0.03,14.46,31,HT189,4/30/2011
0,Total,1.07,0.33,31.58,31,HT189,4/30/2011
10,Total,0.8,0.31,31.58,31,HT189,4/30/2011
20,Total,0.71,0.35,31.58,31,HT189,4/30/2011
30,Total,0.59,0.3,31.58,31,HT189,4/30/2011
40,Total,0.39,0.19,31.58,31,HT189,4/30/2011
50,Total,0.25,0.11,31.58,31,HT189,4/30/2011
0,<20 µm,0.51,0.26,29.5,56,HT205,5/3/2011
10,<20 µm,0.72,0.31,29.5,56,HT205,5/3/2011
20,<20 µm,0.74,0.29,29.5,56,HT205,5/3/2011
30,<20 µm,0.63,0.36,29.5,56,HT205,5/3/2011
40,<20 µm,0.49,0.28,29.5,56,HT205,5/3/2011
50,<20 µm,0.22,0.19,29.5,56,HT205,5/3/2011
0,>20 µm,0.13,0.03,7.1,56,HT205,5/3/2011
10,>20 µm,0.16,0.05,7.1,56,HT205,5/3/2011
20,>20 µm,0.2,0.08,7.1,56,HT205,5/3/2011
30,>20 µm,0.12,0.06,7.1,56,HT205,5/3/2011
40,>20 µm,0.13,0.04,7.1,56,HT205,5/3/2011
50,>20 µm,0.09,0.03,7.1,56,HT205,5/3/2011
0,Total,0.64,0.29,36.6,56,HT205,5/3/2011
10,Total,0.88,0.37,36.6,56,HT205,5/3/2011
20,Total,0.94,0.37,36.6,56,HT205,5/3/2011
30,Total,0.75,0.42,36.6,56,HT205,5/3/2011
40,Total,0.62,0.32,36.6,56,HT205,5/3/2011
50,Total,0.31,0.22,36.6,56,HT205,5/3/2011
0,<20 µm,0.49,0.23,25.1,32,HX189,4/30/2011
10,<20 µm,0.52,0.23,25.1,32,HX189,4/30/2011
20,<20 µm,0.67,0.32,25.1,32,HX189,4/30/2011
30,<20 µm,0.56,0.29,25.1,32,HX189,4/30/2011
40,<20 µm,0.38,0.22,25.1,32,HX189,4/30/2011
50,<20 µm,0.26,0.21,25.1,32,HX189,4/30/2011
0,>20 µm,0.32,0.03,14.9,32,HX189,4/30/2011
10,>20 µm,0.28,0.05,14.9,32,HX189,4/30/2011
20,>20 µm,0.38,0.13,14.9,32,HX189,4/30/2011
30,>20 µm,0.32,0.09,14.9,32,HX189,4/30/2011
40,>20 µm,0.27,0.08,14.9,32,HX189,4/30/2011
50,>20 µm,0.18,0.04,14.9,32,HX189,4/30/2011
0,Total,0.8,0.26,40,32,HX189,4/30/2011
10,Total,0.8,0.28,40,32,HX189,4/30/2011
20,Total,1.05,0.45,40,32,HX189,4/30/2011
30,Total,0.88,0.37,40,32,HX189,4/30/2011
40,Total,0.65,0.3,40,32,HX189,4/30/2011
50,Total,0.44,0.25,40,32,HX189,4/30/2011
0,<20 µm,0.32,0.14,18,57,HX205,5/4/2011
10,<20 µm,0.36,0.14,18,57,HX205,5/4/2011
20,<20 µm,0.49,0.15,18,57,HX205,5/4/2011
30,<20 µm,0.43,0.17,18,57,HX205,5/4/2011
40,<20 µm,0.25,0.13,18,57,HX205,5/4/2011
50,<20 µm,0.23,0.18,18,57,HX205,5/4/2011
0,>20 µm,0.04,0.04,1.8,57,HX205,5/4/2011
10,>20 µm,0.04,0.01,1.8,57,HX205,5/4/2011
20,>20 µm,0.05,0.02,1.8,57,HX205,5/4/2011
30,>20 µm,0.03,0.01,1.8,57,HX205,5/4/2011
40,>20 µm,0.03,0.02,1.8,57,HX205,5/4/2011
50,>20 µm,0.04,0.02,1.8,57,HX205,5/4/2011
0,Total,0.35,0.18,19.9,57,HX205,5/4/2011
10,Total,0.4,0.15,19.9,57,HX205,5/4/2011
20,Total,0.54,0.17,19.9,57,HX205,5/4/2011
30,Total,0.46,0.18,19.9,57,HX205,5/4/2011
40,Total,0.28,0.15,19.9,57,HX205,5/4/2011
50,Total,0.27,0.2,19.9,57,HX205,5/4/2011
0,<20 µm,0.43,0.17,18.8,27,HP185,4/30/2011
10,<20 µm,0.41,0.19,18.8,27,HP185,4/30/2011
20,<20 µm,0.45,0.22,18.8,27,HP185,4/30/2011
30,<20 µm,0.35,0.18,18.8,27,HP185,4/30/2011
40,<20 µm,0.3,0.18,18.8,27,HP185,4/30/2011
50,<20 µm,0.33,0.24,18.8,27,HP185,4/30/2011
0,>20 µm,0.58,0.16,26.6,27,HP185,4/30/2011
10,>20 µm,0.54,0.11,26.6,27,HP185,4/30/2011
20,>20 µm,0.48,0.17,26.6,27,HP185,4/30/2011
30,>20 µm,0.57,0.2,26.6,27,HP185,4/30/2011
40,>20 µm,0.52,0.15,26.6,27,HP185,4/30/2011
50,>20 µm,0.5,0.13,26.6,27,HP185,4/30/2011
0,Total,1.01,0.33,45.3,27,HP185,4/30/2011
10,Total,0.95,0.3,45.3,27,HP185,4/30/2011
20,Total,0.93,0.39,45.3,27,HP185,4/30/2011
30,Total,0.92,0.38,45.3,27,HP185,4/30/2011
40,Total,0.82,0.33,45.3,27,HP185,4/30/2011
50,Total,0.83,0.36,45.3,27,HP185,4/30/2011
0,<20 µm,0.57,0.18,16.8,51,HD205,5/3/2011
10,<20 µm,0.53,0.15,16.8,51,HD205,5/3/2011
20,<20 µm,0.36,0.18,16.8,51,HD205,5/3/2011
30,<20 µm,0.22,0.14,16.8,51,HD205,5/3/2011
40,<20 µm,0.21,0.14,16.8,51,HD205,5/3/2011
50,<20 µm,0.16,0.12,16.8,51,HD205,5/3/2011
0,>20 µm,0.12,0,2.2,51,HD205,5/3/2011
10,>20 µm,0.04,-0.01,2.2,51,HD205,5/3/2011
20,>20 µm,0.05,-0.01,2.2,51,HD205,5/3/2011
30,>20 µm,0.03,-0.01,2.2,51,HD205,5/3/2011
40,>20 µm,0.03,-0.02,2.2,51,HD205,5/3/2011
50,>20 µm,0.01,-0.01,2.2,51,HD205,5/3/2011
0,Total,0.68,0.18,19,51,HD205,5/3/2011
10,Total,0.57,0.14,19,51,HD205,5/3/2011
20,Total,0.41,0.17,19,51,HD205,5/3/2011
30,Total,0.25,0.13,19,51,HD205,5/3/2011
40,Total,0.24,0.12,19,51,HD205,5/3/2011
50,Total,0.18,0.11,19,51,HD205,5/3/2011
0,<20 µm,0.42,0.21,15.6,28,HL185,4/30/2011
10,<20 µm,0.39,0.21,15.6,28,HL185,4/30/2011
20,<20 µm,0.22,0.2,15.6,28,HL185,4/30/2011
30,<20 µm,0.23,0.24,15.6,28,HL185,4/30/2011
40,<20 µm,0.38,0.44,15.6,28,HL185,4/30/2011
50,<20 µm,0.27,0.21,15.6,28,HL185,4/30/2011
0,>20 µm,1.28,0.32,75.5,28,HL185,4/30/2011
10,>20 µm,1.29,0.42,75.5,28,HL185,4/30/2011
20,>20 µm,1.74,0.33,75.5,28,HL185,4/30/2011
30,>20 µm,1.64,0.38,75.5,28,HL185,4/30/2011
40,>20 µm,1.4,0.29,75.5,28,HL185,4/30/2011
50,>20 µm,1.71,0.5,75.5,28,HL185,4/30/2011
0,Total,1.71,0.53,91.2,28,HL185,4/30/2011
10,Total,1.68,0.63,91.2,28,HL185,4/30/2011
20,Total,1.95,0.53,91.2,28,HL185,4/30/2011
30,Total,1.87,0.63,91.2,28,HL185,4/30/2011
40,Total,1.77,0.73,91.2,28,HL185,4/30/2011
50,Total,1.98,0.71,91.2,28,HL185,4/30/2011
0,<20 µm,1.11,0.42,39.4,52,HH205,5/3/2011
10,<20 µm,1.01,0.36,39.4,52,HH205,5/3/2011
20,<20 µm,1.09,0.37,39.4,52,HH205,5/3/2011
30,<20 µm,0.89,0.41,39.4,52,HH205,5/3/2011
40,<20 µm,0.31,0.18,39.4,52,HH205,5/3/2011
50,<20 µm,0.18,0.15,39.4,52,HH205,5/3/2011
0,>20 µm,0.54,0.06,29.4,52,HH205,5/3/2011
10,>20 µm,0.75,0.08,29.4,52,HH205,5/3/2011
20,>20 µm,0.7,0.1,29.4,52,HH205,5/3/2011
30,>20 µm,0.77,0.14,29.4,52,HH205,5/3/2011
40,>20 µm,0.34,0.05,29.4,52,HH205,5/3/2011
50,>20 µm,0.23,0.06,29.4,52,HH205,5/3/2011
0,Total,1.65,0.48,68.8,52,HH205,5/3/2011
10,Total,1.76,0.44,68.8,52,HH205,5/3/2011
20,Total,1.78,0.47,68.8,52,HH205,5/3/2011
30,Total,1.66,0.55,68.8,52,HH205,5/3/2011
40,Total,0.65,0.23,68.8,52,HH205,5/3/2011
50,Total,0.41,0.22,68.8,52,HH205,5/3/2011
0,<20 µm,0.69,0.39,28,29,HL189,4/30/2011
10,<20 µm,0.61,0.37,28,29,HL189,4/30/2011
20,<20 µm,0.58,0.2,28,29,HL189,4/30/2011
30,<20 µm,0.54,0.22,28,29,HL189,4/30/2011
40,<20 µm,0.5,0.31,28,29,HL189,4/30/2011
50,<20 µm,0.48,0.27,28,29,HL189,4/30/2011
0,>20 µm,6.29,0.72,224.4,29,HL189,4/30/2011
10,>20 µm,7.2,0.02,224.4,29,HL189,4/30/2011
20,>20 µm,7.16,1.28,224.4,29,HL189,4/30/2011
30,>20 µm,2.15,3.46,224.4,29,HL189,4/30/2011
40,>20 µm,1.85,0.44,224.4,29,HL189,4/30/2011
50,>20 µm,1.88,0.23,224.4,29,HL189,4/30/2011
0,Total,6.97,1.11,252.4,29,HL189,4/30/2011
10,Total,7.81,0.4,252.4,29,HL189,4/30/2011
20,Total,7.73,1.48,252.4,29,HL189,4/30/2011
30,Total,2.69,3.68,252.4,29,HL189,4/30/2011
40,Total,2.34,0.75,252.4,29,HL189,4/30/2011
50,Total,2.36,0.5,252.4,29,HL189,4/30/2011
0,<20 µm,0.25,0.21,11.7,53,HL205,5/3/2011
10,<20 µm,0.26,0.18,11.7,53,HL205,5/3/2011
20,<20 µm,0.23,0.19,11.7,53,HL205,5/3/2011
30,<20 µm,0.21,0.22,11.7,53,HL205,5/3/2011
40,<20 µm,0.24,0.24,11.7,53,HL205,5/3/2011
50,<20 µm,0.19,0.21,11.7,53,HL205,5/3/2011
0,>20 µm,2.22,0.17,99.6,53,HL205,5/3/2011
10,>20 µm,2.44,0.15,99.6,53,HL205,5/3/2011
20,>20 µm,2.11,0.2,99.6,53,HL205,5/3/2011
30,>20 µm,2.03,0.18,99.6,53,HL205,5/3/2011
40,>20 µm,1.66,0.21,99.6,53,HL205,5/3/2011
50,>20 µm,1.19,0.16,99.6,53,HL205,5/3/2011
0,Total,2.47,0.38,111.3,53,HL205,5/3/2011
10,Total,2.7,0.33,111.3,53,HL205,5/3/2011
20,Total,2.34,0.39,111.3,53,HL205,5/3/2011
30,Total,2.24,0.4,111.3,53,HL205,5/3/2011
40,Total,1.91,0.45,111.3,53,HL205,5/3/2011
50,Total,1.38,0.38,111.3,53,HL205,5/3/2011
0,<20 µm,0.88,0.36,22.2,30,HP189,4/30/2011
10,<20 µm,0.3,0.23,22.2,30,HP189,4/30/2011
20,<20 µm,0.28,0.25,22.2,30,HP189,4/30/2011
30,<20 µm,0.41,0.29,22.2,30,HP189,4/30/2011
40,<20 µm,0.53,0.37,22.2,30,HP189,4/30/2011
50,<20 µm,0.38,0.28,22.2,30,HP189,4/30/2011
0,>20 µm,2.65,0.5,389.4,30,HP189,4/30/2011
10,>20 µm,6.22,ns,389.4,30,HP189,4/30/2011
20,>20 µm,ns,ns,389.4,30,HP189,4/30/2011
30,>20 µm,13.4,3.22,389.4,30,HP189,4/30/2011
40,>20 µm,4.98,0.24,389.4,30,HP189,4/30/2011
50,>20 µm,6.4,ns,389.4,30,HP189,4/30/2011
0,Total,3.53,0.86,411.6,30,HP189,4/30/2011
10,Total,6.52,ns,411.6,30,HP189,4/30/2011
20,Total,ns,ns,411.6,30,HP189,4/30/2011
30,Total,13.81,3.51,411.6,30,HP189,4/30/2011
40,Total,5.51,0.61,411.6,30,HP189,4/30/2011
50,Total,6.78,ns,411.6,30,HP189,4/30/2011
0,<20 µm,0.37,0.23,16.7,55,HP205,5/3/2011
10,<20 µm,0.37,0.25,16.7,55,HP205,5/3/2011
20,<20 µm,0.33,0.24,16.7,55,HP205,5/3/2011
30,<20 µm,0.32,0.26,16.7,55,HP205,5/3/2011
40,<20 µm,0.32,0.26,16.7,55,HP205,5/3/2011
50,<20 µm,0.33,0.29,16.7,55,HP205,5/3/2011
0,>20 µm,1.62,0.28,78.5,55,HP205,5/3/2011
10,>20 µm,1.65,0.24,78.5,55,HP205,5/3/2011
20,>20 µm,1.72,0.27,78.5,55,HP205,5/3/2011
30,>20 µm,1.54,0.32,78.5,55,HP205,5/3/2011
40,>20 µm,1.46,0.29,78.5,55,HP205,5/3/2011
50,>20 µm,1.34,0.3,78.5,55,HP205,5/3/2011
0,Total,1.99,0.5,95.3,55,HP205,5/3/2011
10,Total,2.02,0.49,95.3,55,HP205,5/3/2011
20,Total,2.04,0.51,95.3,55,HP205,5/3/2011
30,Total,1.86,0.59,95.3,55,HP205,5/3/2011
40,Total,1.78,0.55,95.3,55,HP205,5/3/2011
50,Total,1.66,0.59,95.3,55,HP205,5/3/2011
0,<20 µm,ns,ns,25.5,24,HX181,4/29/2011
10,<20 µm,0.53,0.26,25.5,24,HX181,4/29/2011
20,<20 µm,0.53,0.25,25.5,24,HX181,4/29/2011
30,<20 µm,0.53,0.27,25.5,24,HX181,4/29/2011
40,<20 µm,0.44,0.24,25.5,24,HX181,4/29/2011
50,<20 µm,0.53,0.3,25.5,24,HX181,4/29/2011
0,>20 µm,ns,ns,45.1,24,HX181,4/29/2011
10,>20 µm,0.94,0.15,45.1,24,HX181,4/29/2011
20,>20 µm,1,0.15,45.1,24,HX181,4/29/2011
30,>20 µm,0.74,0.12,45.1,24,HX181,4/29/2011
40,>20 µm,0.86,0.13,45.1,24,HX181,4/29/2011
50,>20 µm,1.02,0.13,45.1,24,HX181,4/29/2011
0,Total,ns,ns,70.6,24,HX181,4/29/2011
10,Total,1.46,0.41,70.6,24,HX181,4/29/2011
20,Total,1.53,0.39,70.6,24,HX181,4/29/2011
30,Total,1.26,0.39,70.6,24,HX181,4/29/2011
40,Total,1.29,0.38,70.6,24,HX181,4/29/2011
50,Total,1.55,0.44,70.6,24,HX181,4/29/2011
0,<20 µm,0.29,0.13,13.9,48,HL201,5/3/2011
10,<20 µm,0.3,0.18,13.9,48,HL201,5/3/2011
20,<20 µm,0.28,0.19,13.9,48,HL201,5/3/2011
30,<20 µm,0.29,0.16,13.9,48,HL201,5/3/2011
40,<20 µm,0.26,0.18,13.9,48,HL201,5/3/2011
50,<20 µm,0.25,0.17,13.9,48,HL201,5/3/2011
0,>20 µm,0.07,0,5.7,48,HL201,5/3/2011
10,>20 µm,0.12,0.01,5.7,48,HL201,5/3/2011
20,>20 µm,0.12,0.01,5.7,48,HL201,5/3/2011
30,>20 µm,0.13,0.04,5.7,48,HL201,5/3/2011
40,>20 µm,0.11,0.03,5.7,48,HL201,5/3/2011
50,>20 µm,0.12,0.02,5.7,48,HL201,5/3/2011
0,Total,0.36,0.13,19.7,48,HL201,5/3/2011
10,Total,0.42,0.2,19.7,48,HL201,5/3/2011
20,Total,0.4,0.19,19.7,48,HL201,5/3/2011
30,Total,0.41,0.2,19.7,48,HL201,5/3/2011
40,Total,0.37,0.2,19.7,48,HL201,5/3/2011
50,Total,0.36,0.19,19.7,48,HL201,5/3/2011
0,<20 µm,0.95,0.35,22.2,25,HX185,4/29/2011
10,<20 µm,0.77,0.31,22.2,25,HX185,4/29/2011
20,<20 µm,0.37,0.16,22.2,25,HX185,4/29/2011
30,<20 µm,0.39,0.18,22.2,25,HX185,4/29/2011
40,<20 µm,0.15,0.12,22.2,25,HX185,4/29/2011
50,<20 µm,0.13,0.12,22.2,25,HX185,4/29/2011
0,>20 µm,1.4,0.34,69.1,25,HX185,4/29/2011
10,>20 µm,2.01,0.44,69.1,25,HX185,4/29/2011
20,>20 µm,1.46,0.26,69.1,25,HX185,4/29/2011
30,>20 µm,1.56,0.36,69.1,25,HX185,4/29/2011
40,>20 µm,0.96,0.28,69.1,25,HX185,4/29/2011
50,>20 µm,0.43,0.15,69.1,25,HX185,4/29/2011
0,Total,2.35,0.69,91.3,25,HX185,4/29/2011
10,Total,2.78,0.75,91.3,25,HX185,4/29/2011
20,Total,1.82,0.42,91.3,25,HX185,4/29/2011
30,Total,1.95,0.54,91.3,25,HX185,4/29/2011
40,Total,1.12,0.4,91.3,25,HX185,4/29/2011
50,Total,0.56,0.27,91.3,25,HX185,4/29/2011
0,<20 µm,0.69,0.24,27.6,49,HH201,5/3/2011
10,<20 µm,0.65,0.26,27.6,49,HH201,5/3/2011
20,<20 µm,0.62,0.29,27.6,49,HH201,5/3/2011
30,<20 µm,0.53,0.24,27.6,49,HH201,5/3/2011
40,<20 µm,0.47,0.2,27.6,49,HH201,5/3/2011
50,<20 µm,0.31,0.18,27.6,49,HH201,5/3/2011
0,>20 µm,0.22,0.01,8.6,49,HH201,5/3/2011
10,>20 µm,0.25,0.03,8.6,49,HH201,5/3/2011
20,>20 µm,0.18,0.02,8.6,49,HH201,5/3/2011
30,>20 µm,0.14,0.01,8.6,49,HH201,5/3/2011
40,>20 µm,0.12,0,8.6,49,HH201,5/3/2011
50,>20 µm,0.1,0,8.6,49,HH201,5/3/2011
0,Total,0.91,0.25,36.2,49,HH201,5/3/2011
10,Total,0.9,0.29,36.2,49,HH201,5/3/2011
20,Total,0.8,0.31,36.2,49,HH201,5/3/2011
30,Total,0.67,0.25,36.2,49,HH201,5/3/2011
40,Total,0.59,0.2,36.2,49,HH201,5/3/2011
50,Total,0.41,0.19,36.2,49,HH201,5/3/2011
0,<20 µm,0.48,0.21,23.9,23,HT181,4/29/2011
10,<20 µm,0.54,0.24,23.9,23,HT181,4/29/2011
20,<20 µm,0.47,0.21,23.9,23,HT181,4/29/2011
30,<20 µm,0.42,0.14,23.9,23,HT181,4/29/2011
40,<20 µm,0.49,0.23,23.9,23,HT181,4/29/2011
50,<20 µm,0.43,0.18,23.9,23,HT181,4/29/2011
0,>20 µm,0.94,0.22,65.3,23,HT181,4/29/2011
10,>20 µm,1.04,0.26,65.3,23,HT181,4/29/2011
20,>20 µm,1.4,0.28,65.3,23,HT181,4/29/2011
30,>20 µm,1.48,0.34,65.3,23,HT181,4/29/2011
40,>20 µm,1.31,0.36,65.3,23,HT181,4/29/2011
50,>20 µm,1.65,0.43,65.3,23,HT181,4/29/2011
0,Total,1.42,0.43,89.3,23,HT181,4/29/2011
10,Total,1.59,0.5,89.3,23,HT181,4/29/2011
20,Total,1.87,0.48,89.3,23,HT181,4/29/2011
30,Total,1.91,0.47,89.3,23,HT181,4/29/2011
40,Total,1.81,0.59,89.3,23,HT181,4/29/2011
50,Total,2.08,0.61,89.3,23,HT181,4/29/2011
0,<20 µm,0.55,0.26,29.4,47,HP201,5/2/2011
10,<20 µm,0.61,0.23,29.4,47,HP201,5/2/2011
20,<20 µm,0.7,0.25,29.4,47,HP201,5/2/2011
30,<20 µm,0.53,0.25,29.4,47,HP201,5/2/2011
40,<20 µm,0.57,0.28,29.4,47,HP201,5/2/2011
50,<20 µm,0.51,0.28,29.4,47,HP201,5/2/2011
0,>20 µm,0.17,0.01,9,47,HP201,5/2/2011
10,>20 µm,0.17,0.01,9,47,HP201,5/2/2011
20,>20 µm,0.16,0.01,9,47,HP201,5/2/2011
30,>20 µm,0.14,0.02,9,47,HP201,5/2/2011
40,>20 µm,0.23,0.02,9,47,HP201,5/2/2011
50,>20 µm,0.23,0.02,9,47,HP201,5/2/2011
0,Total,0.73,0.27,38.4,47,HP201,5/2/2011
10,Total,0.78,0.24,38.4,47,HP201,5/2/2011
20,Total,0.86,0.27,38.4,47,HP201,5/2/2011
30,Total,0.68,0.27,38.4,47,HP201,5/2/2011
40,Total,0.8,0.3,38.4,47,HP201,5/2/2011
50,Total,0.74,0.3,38.4,47,HP201,5/2/2011
0,<20 µm,0.57,0.2,,SeaCat71,GAK4,5/6/2011
10,<20 µm,0.66,0.27,,SeaCat71,GAK4,5/6/2011
20,<20 µm,0.88,0.39,,SeaCat71,GAK4,5/6/2011
0,>20 µm,0.06,0.01,,SeaCat71,GAK4,5/6/2011
10,>20 µm,0.09,0.02,,SeaCat71,GAK4,5/6/2011
20,>20 µm,0.07,0.02,,SeaCat71,GAK4,5/6/2011
0,Total,0.63,0.21,,SeaCat71,GAK4,5/6/2011
10,Total,0.74,0.28,,SeaCat71,GAK4,5/6/2011
20,Total,0.95,0.42,,SeaCat71,GAK4,5/6/2011
0,<20 µm,0.62,0.32,,SeaCat72,GAK3,5/6/2011
10,<20 µm,0.62,0.19,,SeaCat72,GAK3,5/6/2011
20,<20 µm,0.47,0.16,,SeaCat72,GAK3,5/6/2011
0,>20 µm,0.04,0.05,,SeaCat72,GAK3,5/6/2011
10,>20 µm,0.05,0.01,,SeaCat72,GAK3,5/6/2011
20,>20 µm,0.05,0,,SeaCat72,GAK3,5/6/2011
0,Total,0.65,0.37,,SeaCat72,GAK3,5/6/2011
10,Total,0.67,0.2,,SeaCat72,GAK3,5/6/2011
20,Total,0.52,0.16,,SeaCat72,GAK3,5/6/2011
0,<20 µm,0.66,0.24,,SeaCat73,GAK2,5/6/2011
10,<20 µm,0.89,0.38,,SeaCat73,GAK2,5/6/2011
20,<20 µm,0.65,0.33,,SeaCat73,GAK2,5/6/2011
0,>20 µm,0.06,0.01,,SeaCat73,GAK2,5/6/2011
10,>20 µm,0.1,0.04,,SeaCat73,GAK2,5/6/2011
20,>20 µm,0.12,0.05,,SeaCat73,GAK2,5/6/2011
0,Total,0.72,0.25,,SeaCat73,GAK2,5/6/2011
10,Total,0.99,0.42,,SeaCat73,GAK2,5/6/2011
20,Total,0.77,0.38,,SeaCat73,GAK2,5/6/2011
0,<20 µm,0.36,0.14,,SeaCat74,GAK1,5/6/2011
10,<20 µm,0.63,0.22,,SeaCat74,GAK1,5/6/2011
20,<20 µm,0.53,0.25,,SeaCat74,GAK1,5/6/2011
0,>20 µm,0.11,0.02,,SeaCat74,GAK1,5/6/2011
10,>20 µm,0.17,0.06,,SeaCat74,GAK1,5/6/2011
20,>20 µm,0.21,0.07,,SeaCat74,GAK1,5/6/2011
0,Total,0.47,0.16,,SeaCat74,GAK1,5/6/2011
10,Total,0.8,0.28,,SeaCat74,GAK1,5/6/2011
20,Total,0.73,0.33,,SeaCat74,GAK1,5/6/2011
0,<20 µm,0.38,0.16,,SeaCat70,GAK5,5/6/2011
10,<20 µm,0.51,0.22,,SeaCat70,GAK5,5/6/2011
20,<20 µm,0.51,0.23,,SeaCat70,GAK5,5/6/2011
0,>20 µm,0.04,0.02,,SeaCat70,GAK5,5/6/2011
10,>20 µm,0.13,0.02,,SeaCat70,GAK5,5/6/2011
20,>20 µm,0.14,0.03,,SeaCat70,GAK5,5/6/2011
0,Total,0.42,0.18,,SeaCat70,GAK5,5/6/2011
10,Total,0.64,0.25,,SeaCat70,GAK5,5/6/2011
20,Total,0.65,0.26,,SeaCat70,GAK5,5/6/2011
0,<20 µm,0.57,0.32,,SeaCat69,GAK6,5/6/2011
10,<20 µm,0.59,0.3,,SeaCat69,GAK6,5/6/2011
20,<20 µm,0.39,0.23,,SeaCat69,GAK6,5/6/2011
0,>20 µm,0.06,0.03,,SeaCat69,GAK6,5/6/2011
10,>20 µm,0.13,0.04,,SeaCat69,GAK6,5/6/2011
20,>20 µm,0.04,0.03,,SeaCat69,GAK6,5/6/2011
0,Total,0.63,0.35,,SeaCat69,GAK6,5/6/2011
10,Total,0.72,0.34,,SeaCat69,GAK6,5/6/2011
20,Total,0.43,0.26,,SeaCat69,GAK6,5/6/2011
0,<20 µm,0.61,0.27,23.8,63,HD209,5/4/2011
10,<20 µm,0.68,0.29,23.8,63,HD209,5/4/2011
20,<20 µm,0.61,0.29,23.8,63,HD209,5/4/2011
30,<20 µm,0.54,0.28,23.8,63,HD209,5/4/2011
40,<20 µm,0.18,0.16,23.8,63,HD209,5/4/2011
50,<20 µm,0.13,0.13,23.8,63,HD209,5/4/2011
0,>20 µm,0.09,0.02,2.2,63,HD209,5/4/2011
10,>20 µm,0.05,0.01,2.2,63,HD209,5/4/2011
20,>20 µm,0.06,0.01,2.2,63,HD209,5/4/2011
30,>20 µm,0.04,0.01,2.2,63,HD209,5/4/2011
40,>20 µm,0.02,0.01,2.2,63,HD209,5/4/2011
50,>20 µm,0.02,0.01,2.2,63,HD209,5/4/2011
0,Total,0.7,0.29,26,63,HD209,5/4/2011
10,Total,0.73,0.31,26,63,HD209,5/4/2011
20,Total,0.66,0.3,26,63,HD209,5/4/2011
30,Total,0.58,0.29,26,63,HD209,5/4/2011
40,Total,0.2,0.16,26,63,HD209,5/4/2011
50,Total,0.16,0.13,26,63,HD209,5/4/2011
0,<20 µm,1.066014388,0.398848921,30.66785612,50,HD201,5/3/2011
10,<20 µm,0.95723741,0.326330935,30.66785612,50,HD201,5/3/2011
20,<20 µm,0.765064748,0.362589928,30.66785612,50,HD201,5/3/2011
30,<20 µm,0.424230216,0.235683453,30.66785612,50,HD201,5/3/2011
40,<20 µm,0.286446043,0.170417266,30.66785612,50,HD201,5/3/2011
50,<20 µm,0.2016,0.133433094,30.66785612,50,HD201,5/3/2011
0,>20 µm,2.182791367,0.094273381,70.81381295,50,HD201,5/3/2011
10,>20 µm,2.251683453,0.282820144,70.81381295,50,HD201,5/3/2011
20,>20 µm,1.827453237,0.15228777,70.81381295,50,HD201,5/3/2011
30,>20 µm,1.247309353,0.329956835,70.81381295,50,HD201,5/3/2011
40,>20 µm,0.533007194,0.108776978,70.81381295,50,HD201,5/3/2011
50,>20 µm,0.261064748,0.043510791,70.81381295,50,HD201,5/3/2011
0,Total,3.248805755,0.493122302,101.4816691,50,HD201,5/3/2011
10,Total,3.208920863,0.609151079,101.4816691,50,HD201,5/3/2011
20,Total,2.592517986,0.514877698,101.4816691,50,HD201,5/3/2011
30,Total,1.671539568,0.565640288,101.4816691,50,HD201,5/3/2011
40,Total,0.819453237,0.279194245,101.4816691,50,HD201,5/3/2011
50,Total,0.462664748,0.176943885,101.4816691,50,HD201,5/3/2011
0,<20 µm,0.699798561,0.30094964,27.55683453,26,HT185,4/30/2011
10,<20 µm,0.70342446,0.268316547,27.55683453,26,HT185,4/30/2011
20,<20 µm,0.587395683,0.275568345,27.55683453,26,HT185,4/30/2011
30,<20 µm,0.518503597,0.235683453,27.55683453,26,HT185,4/30/2011
40,<20 µm,0.460489209,0.206676259,27.55683453,26,HT185,4/30/2011
50,<20 µm,0.271942446,0.20305036,27.55683453,26,HT185,4/30/2011
0,>20 µm,1.138532374,0.25018705,30.37234532,26,HT185,4/30/2011
10,>20 µm,1.178417266,0.155913669,30.37234532,26,HT185,4/30/2011
20,>20 µm,0.790446043,0.166791367,30.37234532,26,HT185,4/30/2011
30,>20 µm,0.216828777,0.041335252,30.37234532,26,HT185,4/30/2011
40,>20 µm,0.20051223,0.041335252,30.37234532,26,HT185,4/30/2011
50,>20 µm,0.163528058,0.032995683,30.37234532,26,HT185,4/30/2011
0,Total,1.838330935,0.551136691,57.92917986,26,HT185,4/30/2011
10,Total,1.881841727,0.424230216,57.92917986,26,HT185,4/30/2011
20,Total,1.377841727,0.442359712,57.92917986,26,HT185,4/30/2011
30,Total,0.735332374,0.277018705,57.92917986,26,HT185,4/30/2011
40,Total,0.661001439,0.248011511,57.92917986,26,HT185,4/30/2011
50,Total,0.435470504,0.236046043,57.92917986,26,HT185,4/30/2011
0,<20 µm,0.750561151,0.25381295,,SeaCat67,GAK8,5/6/2011
5,<20 µm,0.652661871,0.239309353,,SeaCat67,GAK8,5/6/2011
10,<20 µm,0.667165468,0.297323741,,SeaCat67,GAK8,5/6/2011
15,<20 µm,0.569266187,0.329956835,,SeaCat67,GAK8,5/6/2011
0,>20 µm,0.030820144,0.010515108,,SeaCat67,GAK8,5/6/2011
5,>20 µm,0.040610072,0.038434532,,SeaCat67,GAK8,5/6/2011
10,>20 µm,0.047136691,0.018129496,,SeaCat67,GAK8,5/6/2011
15,>20 µm,0.037346763,0.019579856,,SeaCat67,GAK8,5/6/2011
0,Total,0.781381295,0.264328058,,SeaCat67,GAK8,5/6/2011
5,Total,0.693271942,0.277743885,,SeaCat67,GAK8,5/6/2011
10,Total,0.714302158,0.315453237,,SeaCat67,GAK8,5/6/2011
15,Total,0.60661295,0.349536691,,SeaCat67,GAK8,5/6/2011
0,<20 µm,0.424230216,0.213928058,,SeaCat68,GAK7,5/6/2011
10,<20 µm,0.511251799,0.217553957,,SeaCat68,GAK7,5/6/2011
20,<20 µm,0.620028777,0.308201439,,SeaCat68,GAK7,5/6/2011
0,>20 µm,1.047884892,0.032633094,,SeaCat68,GAK7,5/6/2011
10,>20 µm,0.913726619,0.141410072,,SeaCat68,GAK7,5/6/2011
20,>20 µm,0.233145324,0.077594245,,SeaCat68,GAK7,5/6/2011
0,Total,1.472115108,0.246561151,,SeaCat68,GAK7,5/6/2011
10,Total,1.424978417,0.358964029,,SeaCat68,GAK7,5/6/2011
20,Total,0.853174101,0.385795683,,SeaCat68,GAK7,5/6/2011
