TXS13,,,,,,
Pigment list for file merging,,,,,,
,,,,,,
CTD_Cast,Station_Name,Date,Niskin,Depth_m,Size_Fraction,Chl-a_ug/L
3,HX181,4/27/2013,12,0,<20,0.65
3,HX181,4/27/2013,11,10,<20,0.65
3,HX181,4/27/2013,10,20,<20,0.57
3,HX181,4/27/2013,9,30,<20,0.57
3,HX181,4/27/2013,8,40,<20,0.64
3,HX181,4/27/2013,7,50,<20,0.49
3,HX181,4/27/2013,12,0,>20,1.97
3,HX181,4/27/2013,11,10,>20,1.99
3,HX181,4/27/2013,10,20,>20,1.78
3,HX181,4/27/2013,9,30,>20,1.63
3,HX181,4/27/2013,8,40,>20,1.53
3,HX181,4/27/2013,7,50,>20,1.12
3,HX181,4/27/2013,12,0,Total,2.62
3,HX181,4/27/2013,11,10,Total,2.64
3,HX181,4/27/2013,10,20,Total,2.35
3,HX181,4/27/2013,9,30,Total,2.2
3,HX181,4/27/2013,8,40,Total,2.17
3,HX181,4/27/2013,7,50,Total,1.61
3,HX181,4/27/2013,12,0,Total_Phaeo (µg/L),0.58
3,HX181,4/27/2013,11,10,Total_Phaeo (µg/L),0.62
3,HX181,4/27/2013,10,20,Total_Phaeo (µg/L),1.01
3,HX181,4/27/2013,9,30,Total_Phaeo (µg/L),0.98
3,HX181,4/27/2013,8,40,Total_Phaeo (µg/L),0.96
3,HX181,4/27/2013,7,50,Total_Phaeo (µg/L),0.76
5,HT181,4/27/2013,10,0,<20,0.57
5,HT181,4/27/2013,9,10,<20,0.57
5,HT181,4/27/2013,8,20,<20,0.6
5,HT181,4/27/2013,7,30,<20,0.6
5,HT181,4/27/2013,6,40,<20,0.83
5,HT181,4/27/2013,10,0,>20,5.82
5,HT181,4/27/2013,9,10,>20,5.99
5,HT181,4/27/2013,8,20,>20,5.24
5,HT181,4/27/2013,7,30,>20,6.62
5,HT181,4/27/2013,6,40,>20,5.15
5,HT181,4/27/2013,10,0,Total,6.39
5,HT181,4/27/2013,9,10,Total,6.56
5,HT181,4/27/2013,8,20,Total,5.84
5,HT181,4/27/2013,7,30,Total,7.22
5,HT181,4/27/2013,6,40,Total,5.98
5,HT181,4/27/2013,10,0,Total_Phaeo (µg/L),1.09
5,HT181,4/27/2013,9,10,Total_Phaeo (µg/L),1.62
5,HT181,4/27/2013,8,20,Total_Phaeo (µg/L),2.07
5,HT181,4/27/2013,7,30,Total_Phaeo (µg/L),1.72
5,HT181,4/27/2013,6,40,Total_Phaeo (µg/L),2.28
6,HP181,4/27/2013,11,0,<20,0.59
6,HP181,4/27/2013,10,10,<20,0.64
6,HP181,4/27/2013,9,20,<20,0.61
6,HP181,4/27/2013,8,30,<20,0.65
6,HP181,4/27/2013,7,40,<20,0.25
6,HP181,4/27/2013,6,50,<20,0.17
6,HP181,4/27/2013,11,0,>20,2.89
6,HP181,4/27/2013,10,10,>20,4.06
6,HP181,4/27/2013,9,20,>20,5.49
6,HP181,4/27/2013,8,30,>20,5.07
6,HP181,4/27/2013,7,40,>20,1.74
6,HP181,4/27/2013,6,50,>20,0.35
6,HP181,4/27/2013,11,0,Total,3.48
6,HP181,4/27/2013,10,10,Total,4.71
6,HP181,4/27/2013,9,20,Total,6.1
6,HP181,4/27/2013,8,30,Total,5.72
6,HP181,4/27/2013,7,40,Total,1.99
6,HP181,4/27/2013,6,50,Total,0.52
6,HP181,4/27/2013,11,0,Total_Phaeo (µg/L),1.39
6,HP181,4/27/2013,10,10,Total_Phaeo (µg/L),1.11
6,HP181,4/27/2013,9,20,Total_Phaeo (µg/L),1.54
6,HP181,4/27/2013,8,30,Total_Phaeo (µg/L),1.84
6,HP181,4/27/2013,7,40,Total_Phaeo (µg/L),0.79
6,HP181,4/27/2013,6,50,Total_Phaeo (µg/L),0.49
8,HL181,4/27/2013,9,0,<20,0.75
8,HL181,4/27/2013,8,10,<20,0.6
8,HL181,4/27/2013,7,20,<20,0.59
8,HL181,4/27/2013,6,30,<20,0.38
8,HL181,4/27/2013,5,40,<20,0.36
8,HL181,4/27/2013,4,50,<20,0.5
8,HL181,4/27/2013,9,0,>20,8.26
8,HL181,4/27/2013,8,10,>20,7.67
8,HL181,4/27/2013,7,20,>20,9.47
8,HL181,4/27/2013,6,30,>20,8.09
8,HL181,4/27/2013,5,40,>20,1.85
8,HL181,4/27/2013,4,50,>20,5.53
8,HL181,4/27/2013,9,0,Total,9.01
8,HL181,4/27/2013,8,10,Total,8.27
8,HL181,4/27/2013,7,20,Total,10.06
8,HL181,4/27/2013,6,30,Total,8.46
8,HL181,4/27/2013,5,40,Total,2.21
8,HL181,4/27/2013,4,50,Total,6.03
8,HL181,4/27/2013,9,0,Total_Phaeo (µg/L),0.52
8,HL181,4/27/2013,8,10,Total_Phaeo (µg/L),1.32
8,HL181,4/27/2013,7,20,Total_Phaeo (µg/L),1.07
8,HL181,4/27/2013,6,30,Total_Phaeo (µg/L),0.66
8,HL181,4/27/2013,5,40,Total_Phaeo (µg/L),0.76
8,HL181,4/27/2013,4,50,Total_Phaeo (µg/L),1.78
9,HL185,4/27/2013,7,10,<20,0.33
9,HL185,4/27/2013,5,30,<20,0.24
9,HL185,4/27/2013,4,40,<20,0.32
9,HL185,4/27/2013,7,10,>20,5.03
9,HL185,4/27/2013,5,30,>20,4.82
9,HL185,4/27/2013,4,40,>20,3.6
9,HL185,4/27/2013,7,10,Total,5.36
9,HL185,4/27/2013,5,30,Total,5.06
9,HL185,4/27/2013,4,40,Total,3.92
9,HL185,4/27/2013,7,10,Total_Phaeo (µg/L),1.15
9,HL185,4/27/2013,5,30,Total_Phaeo (µg/L),1.01
9,HL185,4/27/2013,4,40,Total_Phaeo (µg/L),3.08
10,HP185,4/28/2013,8,0,<20,0.31
10,HP185,4/28/2013,7,10,<20,0.32
10,HP185,4/28/2013,6,20,<20,0.5
10,HP185,4/28/2013,5,30,<20,0.27
10,HP185,4/28/2013,4,40,<20,0.43
10,HP185,4/28/2013,3,50,<20,0.35
10,HP185,4/28/2013,8,0,>20,1.8
10,HP185,4/28/2013,7,10,>20,1.72
10,HP185,4/28/2013,6,20,>20,1.29
10,HP185,4/28/2013,5,30,>20,1.51
10,HP185,4/28/2013,4,40,>20,1.6
10,HP185,4/28/2013,3,50,>20,1.48
10,HP185,4/28/2013,8,0,Total,2.11
10,HP185,4/28/2013,7,10,Total,2.04
10,HP185,4/28/2013,6,20,Total,1.79
10,HP185,4/28/2013,5,30,Total,1.78
10,HP185,4/28/2013,4,40,Total,2.03
10,HP185,4/28/2013,3,50,Total,1.84
10,HP185,4/28/2013,8,0,Total_Phaeo (µg/L),0.29
10,HP185,4/28/2013,7,10,Total_Phaeo (µg/L),0.32
10,HP185,4/28/2013,6,20,Total_Phaeo (µg/L),0.32
10,HP185,4/28/2013,5,30,Total_Phaeo (µg/L),0.27
10,HP185,4/28/2013,4,40,Total_Phaeo (µg/L),0.44
10,HP185,4/28/2013,3,50,Total_Phaeo (µg/L),0.48
11,HT185,4/28/2013,12,0,<20,0.63
11,HT185,4/28/2013,10,20,<20,0.76
11,HT185,4/28/2013,9,30,<20,0.68
11,HT185,4/28/2013,8,40,<20,0.64
11,HT185,4/28/2013,7,50,<20,0.45
11,HT185,4/28/2013,12,0,>20,6.29
11,HT185,4/28/2013,10,20,>20,6.58
11,HT185,4/28/2013,9,30,>20,6.62
11,HT185,4/28/2013,8,40,>20,5.03
11,HT185,4/28/2013,7,50,>20,2.47
11,HT185,4/28/2013,12,0,Total,6.92
11,HT185,4/28/2013,10,20,Total,7.34
11,HT185,4/28/2013,9,30,Total,7.3
11,HT185,4/28/2013,8,40,Total,5.67
11,HT185,4/28/2013,7,50,Total,2.92
11,HT185,4/28/2013,12,0,Total_Phaeo (µg/L),1.48
11,HT185,4/28/2013,10,20,Total_Phaeo (µg/L),0.97
11,HT185,4/28/2013,9,30,Total_Phaeo (µg/L),2.21
11,HT185,4/28/2013,8,40,Total_Phaeo (µg/L),2.16
11,HT185,4/28/2013,7,50,Total_Phaeo (µg/L),0.77
13,HX185,4/28/2013,12,0,<20,0.57
13,HX185,4/28/2013,11,10,<20,0.69
13,HX185,4/28/2013,10,20,<20,0.56
13,HX185,4/28/2013,9,30,<20,0.63
13,HX185,4/28/2013,8,40,<20,0.53
13,HX185,4/28/2013,7,50,<20,0.32
13,HX185,4/28/2013,12,0,>20,1.32
13,HX185,4/28/2013,11,10,>20,1.06
13,HX185,4/28/2013,10,20,>20,1.3
13,HX185,4/28/2013,9,30,>20,1.26
13,HX185,4/28/2013,8,40,>20,1.19
13,HX185,4/28/2013,7,50,>20,0.21
13,HX185,4/28/2013,12,0,Total,1.89
13,HX185,4/28/2013,11,10,Total,1.76
13,HX185,4/28/2013,10,20,Total,1.86
13,HX185,4/28/2013,9,30,Total,1.89
13,HX185,4/28/2013,8,40,Total,1.72
13,HX185,4/28/2013,7,50,Total,0.52
13,HX185,4/28/2013,12,0,Total_Phaeo (µg/L),0.54
13,HX185,4/28/2013,11,10,Total_Phaeo (µg/L),0.74
13,HX185,4/28/2013,10,20,Total_Phaeo (µg/L),0.67
13,HX185,4/28/2013,9,30,Total_Phaeo (µg/L),0.97
13,HX185,4/28/2013,8,40,Total_Phaeo (µg/L),0.78
13,HX185,4/28/2013,7,50,Total_Phaeo (µg/L),0.46
14,HX189,4/28/2013,12,0,<20,0.44
14,HX189,4/28/2013,11,10,<20,0.49
14,HX189,4/28/2013,10,20,<20,0.45
14,HX189,4/28/2013,9,30,<20,0.42
14,HX189,4/28/2013,8,40,<20,0.5
14,HX189,4/28/2013,7,50,<20,0.39
14,HX189,4/28/2013,12,0,>20,7.88
14,HX189,4/28/2013,11,10,>20,7.84
14,HX189,4/28/2013,10,20,>20,8.13
14,HX189,4/28/2013,9,30,>20,7.33
14,HX189,4/28/2013,8,40,>20,6.87
14,HX189,4/28/2013,7,50,>20,4.06
14,HX189,4/28/2013,12,0,Total,8.32
14,HX189,4/28/2013,11,10,Total,8.33
14,HX189,4/28/2013,10,20,Total,8.58
14,HX189,4/28/2013,9,30,Total,7.76
14,HX189,4/28/2013,8,40,Total,7.38
14,HX189,4/28/2013,7,50,Total,4.46
14,HX189,4/28/2013,12,0,Total_Phaeo (µg/L),2.19
14,HX189,4/28/2013,11,10,Total_Phaeo (µg/L),2.48
14,HX189,4/28/2013,10,20,Total_Phaeo (µg/L),2.35
14,HX189,4/28/2013,9,30,Total_Phaeo (µg/L),2.6
14,HX189,4/28/2013,8,40,Total_Phaeo (µg/L),2.86
14,HX189,4/28/2013,7,50,Total_Phaeo (µg/L),1.18
15,HT189,4/28/2013,12,0,<20,0.56
15,HT189,4/28/2013,10,20,<20,0.6
15,HT189,4/28/2013,9,30,<20,0.6
15,HT189,4/28/2013,8,40,<20,0.57
15,HT189,4/28/2013,7,50,<20,0.65
15,HT189,4/28/2013,12,0,>20,4.19
15,HT189,4/28/2013,10,20,>20,4.32
15,HT189,4/28/2013,9,30,>20,4.19
15,HT189,4/28/2013,8,40,>20,4.44
15,HT189,4/28/2013,7,50,>20,3.86
15,HT189,4/28/2013,12,0,Total,4.75
15,HT189,4/28/2013,10,20,Total,4.91
15,HT189,4/28/2013,9,30,Total,4.79
15,HT189,4/28/2013,8,40,Total,5.01
15,HT189,4/28/2013,7,50,Total,4.5
15,HT189,4/28/2013,12,0,Total_Phaeo (µg/L),0.85
15,HT189,4/28/2013,10,20,Total_Phaeo (µg/L),1.22
15,HT189,4/28/2013,9,30,Total_Phaeo (µg/L),1.38
15,HT189,4/28/2013,8,40,Total_Phaeo (µg/L),1.25
15,HT189,4/28/2013,7,50,Total_Phaeo (µg/L),1.78
16,HP189,4/29/2013,9,0,<20,0.62
16,HP189,4/29/2013,8,10,<20,0.31
16,HP189,4/29/2013,7,20,<20,0.41
16,HP189,4/29/2013,6,30,<20,0.39
16,HP189,4/29/2013,5,40,<20,0.69
16,HP189,4/29/2013,4,50,<20,0.64
16,HP189,4/29/2013,9,0,>20,3.6
16,HP189,4/29/2013,8,10,>20,4.19
16,HP189,4/29/2013,7,20,>20,3.44
16,HP189,4/29/2013,6,30,>20,4.32
16,HP189,4/29/2013,5,40,>20,3.6
16,HP189,4/29/2013,4,50,>20,3.81
16,HP189,4/29/2013,9,0,Total,4.22
16,HP189,4/29/2013,8,10,Total,4.5
16,HP189,4/29/2013,7,20,Total,3.86
16,HP189,4/29/2013,6,30,Total,4.7
16,HP189,4/29/2013,5,40,Total,4.3
16,HP189,4/29/2013,4,50,Total,4.45
16,HP189,4/29/2013,9,0,Total_Phaeo (µg/L),1.05
16,HP189,4/29/2013,8,10,Total_Phaeo (µg/L),1.17
16,HP189,4/29/2013,7,20,Total_Phaeo (µg/L),0.73
16,HP189,4/29/2013,6,30,Total_Phaeo (µg/L),1.1
16,HP189,4/29/2013,5,40,Total_Phaeo (µg/L),1.19
16,HP189,4/29/2013,4,50,Total_Phaeo (µg/L),0.7
17,HL189,4/29/2013,8,0,<20,0.57
17,HL189,4/29/2013,7,10,<20,0.46
17,HL189,4/29/2013,6,20,<20,0.57
17,HL189,4/29/2013,5,30,<20,0.3
17,HL189,4/29/2013,4,40,<20,0.39
17,HL189,4/29/2013,8,0,>20,3.98
17,HL189,4/29/2013,7,10,>20,2.96
17,HL189,4/29/2013,6,20,>20,3.06
17,HL189,4/29/2013,5,30,>20,3.08
17,HL189,4/29/2013,4,40,>20,3.11
17,HL189,4/29/2013,8,0,Total,4.55
17,HL189,4/29/2013,7,10,Total,3.42
17,HL189,4/29/2013,6,20,Total,3.63
17,HL189,4/29/2013,5,30,Total,3.38
17,HL189,4/29/2013,4,40,Total,3.49
17,HL189,4/29/2013,8,0,Total_Phaeo (µg/L),0.39
17,HL189,4/29/2013,7,10,Total_Phaeo (µg/L),0.8
17,HL189,4/29/2013,6,20,Total_Phaeo (µg/L),0.73
17,HL189,4/29/2013,5,30,Total_Phaeo (µg/L),1.24
17,HL189,4/29/2013,4,40,Total_Phaeo (µg/L),0.87
18,HH193,4/29/2013,11,0,<20,0.52
18,HH193,4/29/2013,10,10,<20,0.56
18,HH193,4/29/2013,8,30,<20,0.41
18,HH193,4/29/2013,7,40,<20,0.65
18,HH193,4/29/2013,6,50,<20,0.26
18,HH193,4/29/2013,11,0,>20,5.24
18,HH193,4/29/2013,10,10,>20,5.49
18,HH193,4/29/2013,8,30,>20,4.99
18,HH193,4/29/2013,7,40,>20,4.36
18,HH193,4/29/2013,6,50,>20,3.38
18,HH193,4/29/2013,11,0,Total,5.75
18,HH193,4/29/2013,10,10,Total,6.05
18,HH193,4/29/2013,8,30,Total,5.4
18,HH193,4/29/2013,7,40,Total,5.01
18,HH193,4/29/2013,6,50,Total,3.64
18,HH193,4/29/2013,11,0,Total_Phaeo (µg/L),1.01
18,HH193,4/29/2013,10,10,Total_Phaeo (µg/L),0.91
18,HH193,4/29/2013,8,30,Total_Phaeo (µg/L),1.21
18,HH193,4/29/2013,7,40,Total_Phaeo (µg/L),0.78
18,HH193,4/29/2013,6,50,Total_Phaeo (µg/L),0.85
19,HL193,4/29/2013,7,0,<20,0.39
19,HL193,4/29/2013,6,10,<20,0.43
19,HL193,4/29/2013,5,20,<20,0.55
19,HL193,4/29/2013,4,30,<20,0.44
19,HL193,4/29/2013,2,45,<20,0.45
19,HL193,4/29/2013,7,0,>20,2.7
19,HL193,4/29/2013,6,10,>20,2.59
19,HL193,4/29/2013,5,20,>20,2.01
19,HL193,4/29/2013,4,30,>20,3.39
19,HL193,4/29/2013,2,45,>20,3.25
19,HL193,4/29/2013,7,0,Total,3.08
19,HL193,4/29/2013,6,10,Total,3.01
19,HL193,4/29/2013,5,20,Total,2.56
19,HL193,4/29/2013,4,30,Total,3.83
19,HL193,4/29/2013,2,45,Total,3.7
19,HL193,4/29/2013,7,0,Total_Phaeo (µg/L),0.97
19,HL193,4/29/2013,6,10,Total_Phaeo (µg/L),1.71
19,HL193,4/29/2013,5,20,Total_Phaeo (µg/L),2.48
19,HL193,4/29/2013,4,30,Total_Phaeo (µg/L),0.66
19,HL193,4/29/2013,2,45,Total_Phaeo (µg/L),0.51
20,HP193,4/29/2013,10,0,<20,0.55
20,HP193,4/29/2013,8,10,<20,0.44
20,HP193,4/29/2013,7,20,<20,0.45
20,HP193,4/29/2013,6,30,<20,0.36
20,HP193,4/29/2013,5,40,<20,0.32
20,HP193,4/29/2013,4,50,<20,0.39
20,HP193,4/29/2013,10,0,>20,3.02
20,HP193,4/29/2013,8,10,>20,2.17
20,HP193,4/29/2013,7,20,>20,2.85
20,HP193,4/29/2013,6,30,>20,2.62
20,HP193,4/29/2013,5,40,>20,2.82
20,HP193,4/29/2013,4,50,>20,2.39
20,HP193,4/29/2013,10,0,Total,3.57
20,HP193,4/29/2013,8,10,Total,2.61
20,HP193,4/29/2013,7,20,Total,3.3
20,HP193,4/29/2013,6,30,Total,2.98
20,HP193,4/29/2013,5,40,Total,3.15
20,HP193,4/29/2013,4,50,Total,2.79
20,HP193,4/29/2013,10,0,Total_Phaeo (µg/L),0.18
20,HP193,4/29/2013,8,10,Total_Phaeo (µg/L),1.38
20,HP193,4/29/2013,7,20,Total_Phaeo (µg/L),0.36
20,HP193,4/29/2013,6,30,Total_Phaeo (µg/L),0.47
20,HP193,4/29/2013,5,40,Total_Phaeo (µg/L),0.8
20,HP193,4/29/2013,4,50,Total_Phaeo (µg/L),0.88
21,HT193,4/30/2013,11,0,<20,1.29
21,HT193,4/30/2013,10,10,<20,0.91
21,HT193,4/30/2013,8,20,<20,1.04
21,HT193,4/30/2013,7,30,<20,0.98
21,HT193,4/30/2013,6,40,<20,0.92
21,HT193,4/30/2013,5,50,<20,0.94
21,HT193,4/30/2013,11,0,>20,4.82
21,HT193,4/30/2013,10,10,>20,5.15
21,HT193,4/30/2013,8,20,>20,5.03
21,HT193,4/30/2013,7,30,>20,5.45
21,HT193,4/30/2013,6,40,>20,4.69
21,HT193,4/30/2013,5,50,>20,4.36
21,HT193,4/30/2013,11,0,Total,6.11
21,HT193,4/30/2013,10,10,Total,6.07
21,HT193,4/30/2013,8,20,Total,6.07
21,HT193,4/30/2013,7,30,Total,6.43
21,HT193,4/30/2013,6,40,Total,5.62
21,HT193,4/30/2013,5,50,Total,5.3
21,HT193,4/30/2013,11,0,Total_Phaeo (µg/L),0.81
21,HT193,4/30/2013,10,10,Total_Phaeo (µg/L),0.82
21,HT193,4/30/2013,8,20,Total_Phaeo (µg/L),0.63
21,HT193,4/30/2013,7,30,Total_Phaeo (µg/L),1.02
21,HT193,4/30/2013,6,40,Total_Phaeo (µg/L),2.32
21,HT193,4/30/2013,5,50,Total_Phaeo (µg/L),1.27
22,HX193,4/30/2013,12,0,<20,0.96
22,HX193,4/30/2013,11,10,<20,0.6
22,HX193,4/30/2013,10,20,<20,0.61
22,HX193,4/30/2013,8,40,<20,0.72
22,HX193,4/30/2013,7,50,<20,0.54
22,HX193,4/30/2013,12,0,>20,5.66
22,HX193,4/30/2013,11,10,>20,6.24
22,HX193,4/30/2013,10,20,>20,5.87
22,HX193,4/30/2013,8,40,>20,5.78
22,HX193,4/30/2013,7,50,>20,3.56
22,HX193,4/30/2013,12,0,Total,6.62
22,HX193,4/30/2013,11,10,Total,6.84
22,HX193,4/30/2013,10,20,Total,6.47
22,HX193,4/30/2013,8,40,Total,6.51
22,HX193,4/30/2013,7,50,Total,4.1
22,HX193,4/30/2013,12,0,Total_Phaeo (µg/L),0.88
22,HX193,4/30/2013,11,10,Total_Phaeo (µg/L),0.78
22,HX193,4/30/2013,10,20,Total_Phaeo (µg/L),1.09
22,HX193,4/30/2013,8,40,Total_Phaeo (µg/L),0.95
22,HX193,4/30/2013,7,50,Total_Phaeo (µg/L),0.73
23,HX197,4/30/2013,12,0,<20,0.51
23,HX197,4/30/2013,11,10,<20,0.53
23,HX197,4/30/2013,10,20,<20,0.34
23,HX197,4/30/2013,8,40,<20,0.27
23,HX197,4/30/2013,7,50,<20,0.21
23,HX197,4/30/2013,12,0,>20,5.15
23,HX197,4/30/2013,11,10,>20,4.44
23,HX197,4/30/2013,10,20,>20,2.32
23,HX197,4/30/2013,8,40,>20,1.78
23,HX197,4/30/2013,7,50,>20,0.41
23,HX197,4/30/2013,12,0,Total,5.66
23,HX197,4/30/2013,11,10,Total,4.97
23,HX197,4/30/2013,10,20,Total,2.66
23,HX197,4/30/2013,8,40,Total,2.05
23,HX197,4/30/2013,7,50,Total,0.62
23,HX197,4/30/2013,12,0,Total_Phaeo (µg/L),1.17
23,HX197,4/30/2013,11,10,Total_Phaeo (µg/L),2.07
23,HX197,4/30/2013,10,20,Total_Phaeo (µg/L),1.27
23,HX197,4/30/2013,8,40,Total_Phaeo (µg/L),1.23
23,HX197,4/30/2013,7,50,Total_Phaeo (µg/L),0.59
25,HT197,4/30/2013,10,0,<20,0.31
25,HT197,4/30/2013,9,10,<20,0.32
25,HT197,4/30/2013,7,30,<20,0.35
25,HT197,4/30/2013,6,40,<20,0.34
25,HT197,4/30/2013,5,50,<20,0.34
25,HT197,4/30/2013,10,0,>20,1.84
25,HT197,4/30/2013,9,10,>20,2.46
25,HT197,4/30/2013,7,30,>20,2.85
25,HT197,4/30/2013,6,40,>20,2.8
25,HT197,4/30/2013,5,50,>20,2.67
25,HT197,4/30/2013,10,0,Total,2.16
25,HT197,4/30/2013,9,10,Total,2.78
25,HT197,4/30/2013,7,30,Total,3.2
25,HT197,4/30/2013,6,40,Total,3.14
25,HT197,4/30/2013,5,50,Total,3.01
25,HT197,4/30/2013,10,0,Total_Phaeo (µg/L),2.03
25,HT197,4/30/2013,9,10,Total_Phaeo (µg/L),1.72
25,HT197,4/30/2013,7,30,Total_Phaeo (µg/L),1.68
25,HT197,4/30/2013,6,40,Total_Phaeo (µg/L),1.39
25,HT197,4/30/2013,5,50,Total_Phaeo (µg/L),1.34
27,HP197,4/30/2013,9,0,<20,0.32
27,HP197,4/30/2013,8,10,<20,0.32
27,HP197,4/30/2013,7,20,<20,0.33
27,HP197,4/30/2013,6,30,<20,0.32
27,HP197,4/30/2013,5,40,<20,0.36
27,HP197,4/30/2013,4,50,<20,0.31
27,HP197,4/30/2013,9,0,>20,2.82
27,HP197,4/30/2013,8,10,>20,2.52
27,HP197,4/30/2013,7,20,>20,2.18
27,HP197,4/30/2013,6,30,>20,2.65
27,HP197,4/30/2013,5,40,>20,2.74
27,HP197,4/30/2013,4,50,>20,3.24
27,HP197,4/30/2013,9,0,Total,3.14
27,HP197,4/30/2013,8,10,Total,2.84
27,HP197,4/30/2013,7,20,Total,2.51
27,HP197,4/30/2013,6,30,Total,2.97
27,HP197,4/30/2013,5,40,Total,3.11
27,HP197,4/30/2013,4,50,Total,3.55
27,HP197,4/30/2013,9,0,Total_Phaeo (µg/L),0.69
27,HP197,4/30/2013,8,10,Total_Phaeo (µg/L),1.56
27,HP197,4/30/2013,7,20,Total_Phaeo (µg/L),1.79
27,HP197,4/30/2013,6,30,Total_Phaeo (µg/L),1.37
27,HP197,4/30/2013,5,40,Total_Phaeo (µg/L),1.59
27,HP197,4/30/2013,4,50,Total_Phaeo (µg/L),1.01
28,HL197,4/30/2013,10,0,<20,0.54
28,HL197,4/30/2013,9,10,<20,0.56
28,HL197,4/30/2013,8,20,<20,0.46
28,HL197,4/30/2013,7,30,<20,0.45
28,HL197,4/30/2013,6,40,<20,0.41
28,HL197,4/30/2013,5,50,<20,0.54
28,HL197,4/30/2013,10,0,>20,2.77
28,HL197,4/30/2013,9,10,>20,3
28,HL197,4/30/2013,8,20,>20,3.35
28,HL197,4/30/2013,7,30,>20,3.44
28,HL197,4/30/2013,6,40,>20,3.27
28,HL197,4/30/2013,5,50,>20,3.06
28,HL197,4/30/2013,10,0,Total,3.31
28,HL197,4/30/2013,9,10,Total,3.56
28,HL197,4/30/2013,8,20,Total,3.81
28,HL197,4/30/2013,7,30,Total,3.88
28,HL197,4/30/2013,6,40,Total,3.68
28,HL197,4/30/2013,5,50,Total,3.6
28,HL197,4/30/2013,10,0,Total_Phaeo (µg/L),0.69
28,HL197,4/30/2013,9,10,Total_Phaeo (µg/L),0.6
28,HL197,4/30/2013,8,20,Total_Phaeo (µg/L),1.09
28,HL197,4/30/2013,7,30,Total_Phaeo (µg/L),1.09
28,HL197,4/30/2013,6,40,Total_Phaeo (µg/L),1.39
28,HL197,4/30/2013,5,50,Total_Phaeo (µg/L),1.37
30,HH197,5/1/2013,10,0,<20,2.07
30,HH197,5/1/2013,8,10,<20,0.43
30,HH197,5/1/2013,7,20,<20,0.35
30,HH197,5/1/2013,6,30,<20,0.4
30,HH197,5/1/2013,5,40,<20,0.52
30,HH197,5/1/2013,4,50,<20,0.47
30,HH197,5/1/2013,10,0,>20,2.64
30,HH197,5/1/2013,8,10,>20,4.32
30,HH197,5/1/2013,7,20,>20,3.81
30,HH197,5/1/2013,6,30,>20,4.02
30,HH197,5/1/2013,5,40,>20,2.93
30,HH197,5/1/2013,4,50,>20,4.15
30,HH197,5/1/2013,10,0,Total,4.71
30,HH197,5/1/2013,8,10,Total,4.74
30,HH197,5/1/2013,7,20,Total,4.16
30,HH197,5/1/2013,6,30,Total,4.43
30,HH197,5/1/2013,5,40,Total,3.45
30,HH197,5/1/2013,4,50,Total,4.62
30,HH197,5/1/2013,10,0,Total_Phaeo (µg/L),0.85
30,HH197,5/1/2013,8,10,Total_Phaeo (µg/L),1.26
30,HH197,5/1/2013,7,20,Total_Phaeo (µg/L),1.73
30,HH197,5/1/2013,6,30,Total_Phaeo (µg/L),1.36
30,HH197,5/1/2013,5,40,Total_Phaeo (µg/L),2.65
30,HH197,5/1/2013,4,50,Total_Phaeo (µg/L),1.35
31,HD197,5/1/2013,10,0,<20,0.39
31,HD197,5/1/2013,8,10,<20,0.5
31,HD197,5/1/2013,7,20,<20,1.14
31,HD197,5/1/2013,6,30,<20,0.85
31,HD197,5/1/2013,5,40,<20,0.48
31,HD197,5/1/2013,4,50,<20,0.48
31,HD197,5/1/2013,10,0,>20,3.35
31,HD197,5/1/2013,8,10,>20,2.81
31,HD197,5/1/2013,7,20,>20,2.61
31,HD197,5/1/2013,6,30,>20,2.77
31,HD197,5/1/2013,5,40,>20,3.02
31,HD197,5/1/2013,4,50,>20,3.18
31,HD197,5/1/2013,10,0,Total,3.74
31,HD197,5/1/2013,8,10,Total,3.31
31,HD197,5/1/2013,7,20,Total,3.75
31,HD197,5/1/2013,6,30,Total,3.62
31,HD197,5/1/2013,5,40,Total,3.49
31,HD197,5/1/2013,4,50,Total,3.67
31,HD197,5/1/2013,10,0,Total_Phaeo (µg/L),1.19
31,HD197,5/1/2013,8,10,Total_Phaeo (µg/L),1.59
31,HD197,5/1/2013,7,20,Total_Phaeo (µg/L),0.6
31,HD197,5/1/2013,6,30,Total_Phaeo (µg/L),0.86
31,HD197,5/1/2013,5,40,Total_Phaeo (µg/L),1.64
31,HD197,5/1/2013,4,50,Total_Phaeo (µg/L),1.64
32,HX209,5/2/2013,12,0,<20,1.24
32,HX209,5/2/2013,11,10,<20,2.07
32,HX209,5/2/2013,10,20,<20,1.64
32,HX209,5/2/2013,8,40,<20,0.38
32,HX209,5/2/2013,7,50,<20,0.25
32,HX209,5/2/2013,12,0,>20,10.9
32,HX209,5/2/2013,11,10,>20,9.22
32,HX209,5/2/2013,10,20,>20,7.46
32,HX209,5/2/2013,8,40,>20,1.15
32,HX209,5/2/2013,7,50,>20,0.39
32,HX209,5/2/2013,12,0,Total,12.13
32,HX209,5/2/2013,11,10,Total,11.29
32,HX209,5/2/2013,10,20,Total,9.1
32,HX209,5/2/2013,8,40,Total,1.53
32,HX209,5/2/2013,7,50,Total,0.65
32,HX209,5/2/2013,12,0,Total_Phaeo (µg/L),1.37
32,HX209,5/2/2013,11,10,Total_Phaeo (µg/L),2.02
32,HX209,5/2/2013,10,20,Total_Phaeo (µg/L),1.95
32,HX209,5/2/2013,8,40,Total_Phaeo (µg/L),0.99
32,HX209,5/2/2013,7,50,Total_Phaeo (µg/L),0.45
33,HT209,5/2/2013,11,0,<20,1.14
33,HT209,5/2/2013,10,10,<20,0.77
33,HT209,5/2/2013,8,20,<20,0.67
33,HT209,5/2/2013,7,30,<20,0.67
33,HT209,5/2/2013,6,40,<20,0.6
33,HT209,5/2/2013,5,50,<20,0.32
33,HT209,5/2/2013,11,0,>20,10.9
33,HT209,5/2/2013,10,10,>20,10.39
33,HT209,5/2/2013,8,20,>20,10.98
33,HT209,5/2/2013,7,30,>20,10.22
33,HT209,5/2/2013,6,40,>20,6.7
33,HT209,5/2/2013,5,50,>20,1.13
33,HT209,5/2/2013,11,0,Total,12.03
33,HT209,5/2/2013,10,10,Total,11.16
33,HT209,5/2/2013,8,20,Total,11.65
33,HT209,5/2/2013,7,30,Total,10.9
33,HT209,5/2/2013,6,40,Total,7.31
33,HT209,5/2/2013,5,50,Total,1.45
33,HT209,5/2/2013,11,0,Total_Phaeo (µg/L),0.88
33,HT209,5/2/2013,10,10,Total_Phaeo (µg/L),0.97
33,HT209,5/2/2013,8,20,Total_Phaeo (µg/L),0.98
33,HT209,5/2/2013,7,30,Total_Phaeo (µg/L),0.98
33,HT209,5/2/2013,6,40,Total_Phaeo (µg/L),2
33,HT209,5/2/2013,5,50,Total_Phaeo (µg/L),0.64
34,HP209,5/2/2013,12,0,<20,0.68
34,HP209,5/2/2013,10,10,<20,0.8
34,HP209,5/2/2013,8,20,<20,0.56
34,HP209,5/2/2013,6,40,<20,0.53
34,HP209,5/2/2013,5,50,<20,0.64
34,HP209,5/2/2013,12,0,>20,11.31
34,HP209,5/2/2013,10,10,>20,10.02
34,HP209,5/2/2013,8,20,>20,10.81
34,HP209,5/2/2013,6,40,>20,9.51
34,HP209,5/2/2013,5,50,>20,7.92
34,HP209,5/2/2013,12,0,Total,11.99
34,HP209,5/2/2013,10,10,Total,10.81
34,HP209,5/2/2013,8,20,Total,11.37
34,HP209,5/2/2013,6,40,Total,10.04
34,HP209,5/2/2013,5,50,Total,8.56
34,HP209,5/2/2013,12,0,Total_Phaeo (µg/L),1.27
34,HP209,5/2/2013,10,10,Total_Phaeo (µg/L),1.12
34,HP209,5/2/2013,8,20,Total_Phaeo (µg/L),1.25
34,HP209,5/2/2013,6,40,Total_Phaeo (µg/L),1.61
34,HP209,5/2/2013,5,50,Total_Phaeo (µg/L),1.28
35,HL209,5/2/2013,12,0,<20,0.52
35,HL209,5/2/2013,11,10,<20,0.42
35,HL209,5/2/2013,10,20,<20,0.44
35,HL209,5/2/2013,8,30,<20,0.29
35,HL209,5/2/2013,7,40,<20,0.24
35,HL209,5/2/2013,6,50,<20,0.23
35,HL209,5/2/2013,12,0,>20,10.48
35,HL209,5/2/2013,11,10,>20,11.65
35,HL209,5/2/2013,10,20,>20,10.64
35,HL209,5/2/2013,8,30,>20,4.06
35,HL209,5/2/2013,7,40,>20,0.67
35,HL209,5/2/2013,6,50,>20,0.75
35,HL209,5/2/2013,12,0,Total,11
35,HL209,5/2/2013,11,10,Total,12.07
35,HL209,5/2/2013,10,20,Total,11.09
35,HL209,5/2/2013,8,30,Total,4.36
35,HL209,5/2/2013,7,40,Total,0.91
35,HL209,5/2/2013,6,50,Total,0.98
35,HL209,5/2/2013,12,0,Total_Phaeo (µg/L),2.52
35,HL209,5/2/2013,11,10,Total_Phaeo (µg/L),0.64
35,HL209,5/2/2013,10,20,Total_Phaeo (µg/L),1.31
35,HL209,5/2/2013,8,30,Total_Phaeo (µg/L),1.16
35,HL209,5/2/2013,7,40,Total_Phaeo (µg/L),0.51
35,HL209,5/2/2013,6,50,Total_Phaeo (µg/L),0.42
36,HH209,5/2/2013,10,0,<20,0.39
36,HH209,5/2/2013,8,10,<20,0.36
36,HH209,5/2/2013,7,20,<20,0.36
36,HH209,5/2/2013,6,30,<20,0.34
36,HH209,5/2/2013,5,40,<20,0.31
36,HH209,5/2/2013,4,50,<20,0.24
36,HH209,5/2/2013,10,0,>20,9.72
36,HH209,5/2/2013,8,10,>20,9.55
36,HH209,5/2/2013,7,20,>20,5.49
36,HH209,5/2/2013,6,30,>20,6.83
36,HH209,5/2/2013,5,40,>20,3.56
36,HH209,5/2/2013,4,50,>20,0.6
36,HH209,5/2/2013,10,0,Total,10.11
36,HH209,5/2/2013,8,10,Total,9.91
36,HH209,5/2/2013,7,20,Total,5.85
36,HH209,5/2/2013,6,30,Total,7.17
36,HH209,5/2/2013,5,40,Total,3.88
36,HH209,5/2/2013,4,50,Total,0.84
36,HH209,5/2/2013,10,0,Total_Phaeo (µg/L),1.48
36,HH209,5/2/2013,8,10,Total_Phaeo (µg/L),0.83
36,HH209,5/2/2013,7,20,Total_Phaeo (µg/L),3.58
36,HH209,5/2/2013,6,30,Total_Phaeo (µg/L),1.93
36,HH209,5/2/2013,5,40,Total_Phaeo (µg/L),2.16
36,HH209,5/2/2013,4,50,Total_Phaeo (µg/L),1.1
37,HD209,5/2/2012,9,0,<20,0.41
37,HD209,5/2/2012,8,10,<20,0.36
37,HD209,5/2/2012,7,20,<20,0.36
37,HD209,5/2/2012,6,30,<20,0.36
37,HD209,5/2/2012,5,40,<20,0.39
37,HD209,5/2/2012,4,50,<20,0.4
37,HD209,5/2/2012,9,0,>20,8.38
37,HD209,5/2/2012,8,10,>20,9.05
37,HD209,5/2/2012,7,20,>20,7.75
37,HD209,5/2/2012,6,30,>20,6.7
37,HD209,5/2/2012,5,40,>20,7.71
37,HD209,5/2/2012,4,50,>20,6.41
37,HD209,5/2/2012,9,0,Total,8.79
37,HD209,5/2/2012,8,10,Total,9.41
37,HD209,5/2/2012,7,20,Total,8.12
37,HD209,5/2/2012,6,30,Total,7.07
37,HD209,5/2/2012,5,40,Total,8.1
37,HD209,5/2/2012,4,50,Total,6.81
37,HD209,5/2/2012,9,0,Total_Phaeo (µg/L),1.26
37,HD209,5/2/2012,8,10,Total_Phaeo (µg/L),0.91
37,HD209,5/2/2012,7,20,Total_Phaeo (µg/L),1.29
37,HD209,5/2/2012,6,30,Total_Phaeo (µg/L),2.13
37,HD209,5/2/2012,5,40,Total_Phaeo (µg/L),1.13
37,HD209,5/2/2012,4,50,Total_Phaeo (µg/L),1.78
38,HD213,5/2/2013,12,0,<20,0.56
38,HD213,5/2/2013,11,10,<20,0.53
38,HD213,5/2/2013,9,20,<20,0.31
38,HD213,5/2/2013,8,30,<20,0.46
38,HD213,5/2/2013,7,40,<20,0.45
38,HD213,5/2/2013,6,50,<20,0.45
38,HD213,5/2/2013,12,0,>20,6.16
38,HD213,5/2/2013,11,10,>20,5.53
38,HD213,5/2/2013,9,20,>20,7.63
38,HD213,5/2/2013,8,30,>20,8.13
38,HD213,5/2/2013,7,40,>20,6.91
38,HD213,5/2/2013,6,50,>20,5.45
38,HD213,5/2/2013,12,0,Total,6.72
38,HD213,5/2/2013,11,10,Total,6.06
38,HD213,5/2/2013,9,20,Total,7.94
38,HD213,5/2/2013,8,30,Total,8.59
38,HD213,5/2/2013,7,40,Total,7.37
38,HD213,5/2/2013,6,50,Total,5.9
38,HD213,5/2/2013,12,0,Total_Phaeo (µg/L),0.79
38,HD213,5/2/2013,11,10,Total_Phaeo (µg/L),1.32
38,HD213,5/2/2013,9,20,Total_Phaeo (µg/L),1.28
38,HD213,5/2/2013,8,30,Total_Phaeo (µg/L),0.81
38,HD213,5/2/2013,7,40,Total_Phaeo (µg/L),1.29
38,HD213,5/2/2013,6,50,Total_Phaeo (µg/L),1.23
39,HH213,5/2/2013,12,0,<20,1.14
39,HH213,5/2/2013,11,10,<20,0.78
39,HH213,5/2/2013,10,20,<20,0.7
39,HH213,5/2/2013,8,30,<20,0.67
39,HH213,5/2/2013,7,40,<20,0.7
39,HH213,5/2/2013,6,50,<20,0.65
39,HH213,5/2/2013,12,0,>20,5.2
39,HH213,5/2/2013,11,10,>20,2.42
39,HH213,5/2/2013,10,20,>20,3.35
39,HH213,5/2/2013,8,30,>20,4.99
39,HH213,5/2/2013,7,40,>20,4.32
39,HH213,5/2/2013,6,50,>20,3.98
39,HH213,5/2/2013,12,0,Total,6.34
39,HH213,5/2/2013,11,10,Total,3.21
39,HH213,5/2/2013,10,20,Total,4.05
39,HH213,5/2/2013,8,30,Total,5.66
39,HH213,5/2/2013,7,40,Total,5.02
39,HH213,5/2/2013,6,50,Total,4.63
39,HH213,5/2/2013,12,0,Total_Phaeo (µg/L),0.92
39,HH213,5/2/2013,11,10,Total_Phaeo (µg/L),1.18
39,HH213,5/2/2013,10,20,Total_Phaeo (µg/L),1.28
39,HH213,5/2/2013,8,30,Total_Phaeo (µg/L),0.65
39,HH213,5/2/2013,7,40,Total_Phaeo (µg/L),0.78
39,HH213,5/2/2013,6,50,Total_Phaeo (µg/L),1.26
40,HL213,5/3/2013,12,0,<20,0.72
40,HL213,5/3/2013,11,10,<20,0.78
40,HL213,5/3/2013,10,20,<20,0.62
40,HL213,5/3/2013,8,40,<20,0.55
40,HL213,5/3/2013,7,50,<20,0.45
40,HL213,5/3/2013,12,0,>20,12.91
40,HL213,5/3/2013,11,10,>20,12.19
40,HL213,5/3/2013,10,20,>20,13.24
40,HL213,5/3/2013,8,40,>20,11.98
40,HL213,5/3/2013,7,50,>20,4.11
40,HL213,5/3/2013,12,0,Total,13.62
40,HL213,5/3/2013,11,10,Total,12.98
40,HL213,5/3/2013,10,20,Total,13.86
40,HL213,5/3/2013,8,40,Total,12.54
40,HL213,5/3/2013,7,50,Total,4.56
40,HL213,5/3/2013,12,0,Total_Phaeo (µg/L),1.67
40,HL213,5/3/2013,11,10,Total_Phaeo (µg/L),2.32
40,HL213,5/3/2013,10,20,Total_Phaeo (µg/L),1.38
40,HL213,5/3/2013,8,40,Total_Phaeo (µg/L),1.58
40,HL213,5/3/2013,7,50,Total_Phaeo (µg/L),1.49
41,HP213,5/3/2013,11,0,<20,0.66
41,HP213,5/3/2013,10,10,<20,0.91
41,HP213,5/3/2013,9,20,<20,0.69
41,HP213,5/3/2013,7,40,<20,0.59
41,HP213,5/3/2013,6,50,<20,0.5
41,HP213,5/3/2013,11,0,>20,11.69
41,HP213,5/3/2013,10,10,>20,10.69
41,HP213,5/3/2013,9,20,>20,10.77
41,HP213,5/3/2013,7,40,>20,10.22
41,HP213,5/3/2013,6,50,>20,3.98
41,HP213,5/3/2013,11,0,Total,12.35
41,HP213,5/3/2013,10,10,Total,11.59
41,HP213,5/3/2013,9,20,Total,11.46
41,HP213,5/3/2013,7,40,Total,10.82
41,HP213,5/3/2013,6,50,Total,4.48
41,HP213,5/3/2013,11,0,Total_Phaeo (µg/L),1.12
41,HP213,5/3/2013,10,10,Total_Phaeo (µg/L),1.58
41,HP213,5/3/2013,9,20,Total_Phaeo (µg/L),1.54
41,HP213,5/3/2013,7,40,Total_Phaeo (µg/L),1.4
41,HP213,5/3/2013,6,50,Total_Phaeo (µg/L),0.91
42,HT213,5/3/2013,9,0,<20,0.69
42,HT213,5/3/2013,8,10,<20,0.72
42,HT213,5/3/2013,7,20,<20,0.87
42,HT213,5/3/2013,6,30,<20,0.98
42,HT213,5/3/2013,5,40,<20,0.68
42,HT213,5/3/2013,4,50,<20,0.41
42,HT213,5/3/2013,9,0,>20,3.35
42,HT213,5/3/2013,8,10,>20,11.31
42,HT213,5/3/2013,7,20,>20,11.57
42,HT213,5/3/2013,6,30,>20,11.61
42,HT213,5/3/2013,5,40,>20,8.67
42,HT213,5/3/2013,4,50,>20,1.98
42,HT213,5/3/2013,9,0,Total,4.04
42,HT213,5/3/2013,8,10,Total,12.03
42,HT213,5/3/2013,7,20,Total,12.44
42,HT213,5/3/2013,6,30,Total,12.59
42,HT213,5/3/2013,5,40,Total,9.35
42,HT213,5/3/2013,4,50,Total,2.4
42,HT213,5/3/2013,9,0,Total_Phaeo (µg/L),18.04
42,HT213,5/3/2013,8,10,Total_Phaeo (µg/L),2.05
42,HT213,5/3/2013,7,20,Total_Phaeo (µg/L),2.39
42,HT213,5/3/2013,6,30,Total_Phaeo (µg/L),1.95
42,HT213,5/3/2013,5,40,Total_Phaeo (µg/L),1.34
42,HT213,5/3/2013,4,50,Total_Phaeo (µg/L),1.57
43,HX213,5/3/2013,12,0,<20,0.85
43,HX213,5/3/2013,11,10,<20,0.73
43,HX213,5/3/2013,10,20,<20,0.67
43,HX213,5/3/2013,9,30,<20,0.44
43,HX213,5/3/2013,8,40,<20,0.29
43,HX213,5/3/2013,7,50,<20,0.24
43,HX213,5/3/2013,12,0,>20,3.98
43,HX213,5/3/2013,11,10,>20,3.6
43,HX213,5/3/2013,10,20,>20,3.65
43,HX213,5/3/2013,9,30,>20,0.34
43,HX213,5/3/2013,8,40,>20,0.3
43,HX213,5/3/2013,7,50,>20,0.15
43,HX213,5/3/2013,12,0,Total,4.83
43,HX213,5/3/2013,11,10,Total,4.34
43,HX213,5/3/2013,10,20,Total,4.32
43,HX213,5/3/2013,9,30,Total,0.78
43,HX213,5/3/2013,8,40,Total,0.6
43,HX213,5/3/2013,7,50,Total,0.39
43,HX213,5/3/2013,12,0,Total_Phaeo (µg/L),0.89
43,HX213,5/3/2013,11,10,Total_Phaeo (µg/L),1.83
43,HX213,5/3/2013,10,20,Total_Phaeo (µg/L),1.77
43,HX213,5/3/2013,9,30,Total_Phaeo (µg/L),0.4
43,HX213,5/3/2013,8,40,Total_Phaeo (µg/L),0.36
43,HX213,5/3/2013,7,50,Total_Phaeo (µg/L),0.34
44,GAK11,5/3/2013,12,0,<20,0.5
44,GAK11,5/3/2013,11,10,<20,0.49
44,GAK11,5/3/2013,10,20,<20,0.45
44,GAK11,5/3/2013,8,40,<20,0.13
44,GAK11,5/3/2013,7,50,<20,0.1
44,GAK11,5/3/2013,12,0,>20,0.88
44,GAK11,5/3/2013,11,10,>20,0.87
44,GAK11,5/3/2013,10,20,>20,0.72
44,GAK11,5/3/2013,8,40,>20,0.11
44,GAK11,5/3/2013,7,50,>20,0.12
44,GAK11,5/3/2013,12,0,Total,1.38
44,GAK11,5/3/2013,11,10,Total,1.37
44,GAK11,5/3/2013,10,20,Total,1.18
44,GAK11,5/3/2013,8,40,Total,0.24
44,GAK11,5/3/2013,7,50,Total,0.22
44,GAK11,5/3/2013,12,0,Total_Phaeo (µg/L),0.38
44,GAK11,5/3/2013,11,10,Total_Phaeo (µg/L),0.49
44,GAK11,5/3/2013,10,20,Total_Phaeo (µg/L),0.63
44,GAK11,5/3/2013,8,40,Total_Phaeo (µg/L),0.22
44,GAK11,5/3/2013,7,50,Total_Phaeo (µg/L),0.21
45,GAK12,5/3/2013,12,0,<20,0.35
45,GAK12,5/3/2013,11,10,<20,0.34
45,GAK12,5/3/2013,10,20,<20,0.37
45,GAK12,5/3/2013,8,40,<20,0.23
45,GAK12,5/3/2013,7,50,<20,0.2
45,GAK12,5/3/2013,12,0,>20,0.05
45,GAK12,5/3/2013,11,10,>20,0.06
45,GAK12,5/3/2013,10,20,>20,0.05
45,GAK12,5/3/2013,8,40,>20,0.12
45,GAK12,5/3/2013,7,50,>20,0.08
45,GAK12,5/3/2013,12,0,Total,0.4
45,GAK12,5/3/2013,11,10,Total,0.4
45,GAK12,5/3/2013,10,20,Total,0.42
45,GAK12,5/3/2013,8,40,Total,0.35
45,GAK12,5/3/2013,7,50,Total,0.29
45,GAK12,5/3/2013,12,0,Total_Phaeo (µg/L),0.13
45,GAK12,5/3/2013,11,10,Total_Phaeo (µg/L),0.14
45,GAK12,5/3/2013,10,20,Total_Phaeo (µg/L),0.17
45,GAK12,5/3/2013,8,40,Total_Phaeo (µg/L),0.27
45,GAK12,5/3/2013,7,50,Total_Phaeo (µg/L),0.22
46,GAK13,5/3/2013,bucket,0,<20,0.6
46,GAK13,5/3/2013,12,10,<20,0.6
46,GAK13,5/3/2013,11,20,<20,0.55
46,GAK13,5/3/2013,10,30,<20,0.62
46,GAK13,5/3/2013,8,40,<20,0.57
46,GAK13,5/3/2013,7,50,<20,0.24
46,GAK13,5/3/2013,bucket,0,>20,1.35
46,GAK13,5/3/2013,12,10,>20,1.03
46,GAK13,5/3/2013,11,20,>20,0.93
46,GAK13,5/3/2013,10,30,>20,0.95
46,GAK13,5/3/2013,8,40,>20,0.89
46,GAK13,5/3/2013,7,50,>20,0.52
46,GAK13,5/3/2013,bucket,0,Total,1.94
46,GAK13,5/3/2013,12,10,Total,1.62
46,GAK13,5/3/2013,11,20,Total,1.48
46,GAK13,5/3/2013,10,30,Total,1.58
46,GAK13,5/3/2013,8,40,Total,1.47
46,GAK13,5/3/2013,7,50,Total,0.75
46,GAK13,5/3/2013,bucket,0,Total_Phaeo (µg/L),0.41
46,GAK13,5/3/2013,12,10,Total_Phaeo (µg/L),0.81
46,GAK13,5/3/2013,11,20,Total_Phaeo (µg/L),0.8
46,GAK13,5/3/2013,10,30,Total_Phaeo (µg/L),0.7
46,GAK13,5/3/2013,8,40,Total_Phaeo (µg/L),0.78
46,GAK13,5/3/2013,7,50,Total_Phaeo (µg/L),0.54
47,GAK10,5/4/2013,bucket,0,<20,0.5
47,GAK10,5/4/2013,12,10,<20,0.52
47,GAK10,5/4/2013,11,20,<20,0.18
47,GAK10,5/4/2013,10,30,<20,0.2
47,GAK10,5/4/2013,8,40,<20,0.1
47,GAK10,5/4/2013,7,50,<20,0.12
47,GAK10,5/4/2013,bucket,0,>20,3.27
47,GAK10,5/4/2013,12,10,>20,3.06
47,GAK10,5/4/2013,11,20,>20,0.3
47,GAK10,5/4/2013,10,30,>20,0.27
47,GAK10,5/4/2013,8,40,>20,0.07
47,GAK10,5/4/2013,7,50,>20,0.46
47,GAK10,5/4/2013,bucket,0,Total,3.77
47,GAK10,5/4/2013,12,10,Total,3.58
47,GAK10,5/4/2013,11,20,Total,0.48
47,GAK10,5/4/2013,10,30,Total,0.48
47,GAK10,5/4/2013,8,40,Total,0.17
47,GAK10,5/4/2013,7,50,Total,0.57
47,GAK10,5/4/2013,bucket,0,Total_Phaeo (µg/L),0.97
47,GAK10,5/4/2013,12,10,Total_Phaeo (µg/L),0.93
47,GAK10,5/4/2013,11,20,Total_Phaeo (µg/L),0.42
47,GAK10,5/4/2013,10,30,Total_Phaeo (µg/L),0.34
47,GAK10,5/4/2013,8,40,Total_Phaeo (µg/L),0.21
47,GAK10,5/4/2013,7,50,Total_Phaeo (µg/L),0.47
48,GAK9i,5/4/2013,bucket,0,<20,0.49
48,GAK9i,5/4/2013,12,10,<20,0.69
48,GAK9i,5/4/2013,11,20,<20,0.55
48,GAK9i,5/4/2013,10,30,<20,0.45
48,GAK9i,5/4/2013,8,40,<20,0.13
48,GAK9i,5/4/2013,7,50,<20,0.09
48,GAK9i,5/4/2013,bucket,0,>20,3.39
48,GAK9i,5/4/2013,12,10,>20,2.2
48,GAK9i,5/4/2013,11,20,>20,1.34
48,GAK9i,5/4/2013,10,30,>20,0.79
48,GAK9i,5/4/2013,8,40,>20,0.12
48,GAK9i,5/4/2013,7,50,>20,0.05
48,GAK9i,5/4/2013,bucket,0,Total,3.88
48,GAK9i,5/4/2013,12,10,Total,2.9
48,GAK9i,5/4/2013,11,20,Total,1.89
48,GAK9i,5/4/2013,10,30,Total,1.24
48,GAK9i,5/4/2013,8,40,Total,0.25
48,GAK9i,5/4/2013,7,50,Total,0.14
48,GAK9i,5/4/2013,bucket,0,Total_Phaeo (µg/L),1.52
48,GAK9i,5/4/2013,12,10,Total_Phaeo (µg/L),1.21
48,GAK9i,5/4/2013,11,20,Total_Phaeo (µg/L),1.02
48,GAK9i,5/4/2013,10,30,Total_Phaeo (µg/L),1.02
48,GAK9i,5/4/2013,8,40,Total_Phaeo (µg/L),0.2
48,GAK9i,5/4/2013,7,50,Total_Phaeo (µg/L),0.22
49,GAK9,5/4/2013,11,0,<20,0.46
49,GAK9,5/4/2013,10,10,<20,0.41
49,GAK9,5/4/2013,8,30,<20,0.27
49,GAK9,5/4/2013,7,40,<20,0.18
49,GAK9,5/4/2013,6,50,<20,0.39
49,GAK9,5/4/2013,11,0,>20,0.63
49,GAK9,5/4/2013,10,10,>20,0.52
49,GAK9,5/4/2013,8,30,>20,0.31
49,GAK9,5/4/2013,7,40,>20,0.09
49,GAK9,5/4/2013,6,50,>20,0.91
49,GAK9,5/4/2013,11,0,Total,1.09
49,GAK9,5/4/2013,10,10,Total,0.93
49,GAK9,5/4/2013,8,30,Total,0.58
49,GAK9,5/4/2013,7,40,Total,0.27
49,GAK9,5/4/2013,6,50,Total,1.29
49,GAK9,5/4/2013,11,0,Total_Phaeo (µg/L),0.41
49,GAK9,5/4/2013,10,10,Total_Phaeo (µg/L),0.29
49,GAK9,5/4/2013,8,30,Total_Phaeo (µg/L),0.38
49,GAK9,5/4/2013,7,40,Total_Phaeo (µg/L),0.27
49,GAK9,5/4/2013,6,50,Total_Phaeo (µg/L),0.69
50,GAK8i,5/4/2013,bucket,0,<20,0.78
50,GAK8i,5/4/2013,12,10,<20,0.97
50,GAK8i,5/4/2013,11,20,<20,0.83
50,GAK8i,5/4/2013,10,30,<20,0.68
50,GAK8i,5/4/2013,8,40,<20,0.46
50,GAK8i,5/4/2013,7,50,<20,0.24
50,GAK8i,5/4/2013,bucket,0,>20,2.74
50,GAK8i,5/4/2013,12,10,>20,2.57
50,GAK8i,5/4/2013,11,20,>20,2.28
50,GAK8i,5/4/2013,10,30,>20,2.33
50,GAK8i,5/4/2013,8,40,>20,0.91
50,GAK8i,5/4/2013,7,50,>20,0.23
50,GAK8i,5/4/2013,bucket,0,Total,3.52
50,GAK8i,5/4/2013,12,10,Total,3.54
50,GAK8i,5/4/2013,11,20,Total,3.11
50,GAK8i,5/4/2013,10,30,Total,3
50,GAK8i,5/4/2013,8,40,Total,1.37
50,GAK8i,5/4/2013,7,50,Total,0.47
50,GAK8i,5/4/2013,bucket,0,Total_Phaeo (µg/L),1.26
50,GAK8i,5/4/2013,12,10,Total_Phaeo (µg/L),1.56
50,GAK8i,5/4/2013,11,20,Total_Phaeo (µg/L),1.29
50,GAK8i,5/4/2013,10,30,Total_Phaeo (µg/L),0.86
50,GAK8i,5/4/2013,8,40,Total_Phaeo (µg/L),1.27
50,GAK8i,5/4/2013,7,50,Total_Phaeo (µg/L),0.96
51,GAK8,5/4/2013,bucket,0,<20,0.66
51,GAK8,5/4/2013,12,10,<20,0.83
51,GAK8,5/4/2013,11,20,<20,0.67
51,GAK8,5/4/2013,10,30,<20,0.54
51,GAK8,5/4/2013,8,40,<20,0.4
51,GAK8,5/4/2013,7,50,<20,0.3
51,GAK8,5/4/2013,bucket,0,>20,4.61
51,GAK8,5/4/2013,12,10,>20,3.31
51,GAK8,5/4/2013,11,20,>20,3.1
51,GAK8,5/4/2013,10,30,>20,1.3
51,GAK8,5/4/2013,8,40,>20,0.41
51,GAK8,5/4/2013,7,50,>20,0.32
51,GAK8,5/4/2013,bucket,0,Total,5.27
51,GAK8,5/4/2013,12,10,Total,4.14
51,GAK8,5/4/2013,11,20,Total,3.77
51,GAK8,5/4/2013,10,30,Total,1.84
51,GAK8,5/4/2013,8,40,Total,0.82
51,GAK8,5/4/2013,7,50,Total,0.62
51,GAK8,5/4/2013,bucket,0,Total_Phaeo (µg/L),0.62
51,GAK8,5/4/2013,12,10,Total_Phaeo (µg/L),1.09
51,GAK8,5/4/2013,11,20,Total_Phaeo (µg/L),2.06
51,GAK8,5/4/2013,10,30,Total_Phaeo (µg/L),0.98
51,GAK8,5/4/2013,8,40,Total_Phaeo (µg/L),0.98
51,GAK8,5/4/2013,7,50,Total_Phaeo (µg/L),0.51
52,GAK7i,5/4/2013,bucket,0,<20,0.7
52,GAK7i,5/4/2013,12,10,<20,0.54
52,GAK7i,5/4/2013,11,20,<20,0.32
52,GAK7i,5/4/2013,10,30,<20,0.34
52,GAK7i,5/4/2013,8,40,<20,0.3
52,GAK7i,5/4/2013,7,50,<20,0.3
52,GAK7i,5/4/2013,bucket,0,>20,1.65
52,GAK7i,5/4/2013,12,10,>20,1.98
52,GAK7i,5/4/2013,11,20,>20,2.8
52,GAK7i,5/4/2013,10,30,>20,3.39
52,GAK7i,5/4/2013,8,40,>20,2.76
52,GAK7i,5/4/2013,7,50,>20,2.07
52,GAK7i,5/4/2013,bucket,0,Total,2.34
52,GAK7i,5/4/2013,12,10,Total,2.52
52,GAK7i,5/4/2013,11,20,Total,3.12
52,GAK7i,5/4/2013,10,30,Total,3.73
52,GAK7i,5/4/2013,8,40,Total,3.06
52,GAK7i,5/4/2013,7,50,Total,2.37
52,GAK7i,5/4/2013,bucket,0,Total_Phaeo (µg/L),0.62
52,GAK7i,5/4/2013,12,10,Total_Phaeo (µg/L),1.48
52,GAK7i,5/4/2013,11,20,Total_Phaeo (µg/L),1.31
52,GAK7i,5/4/2013,10,30,Total_Phaeo (µg/L),1.12
52,GAK7i,5/4/2013,8,40,Total_Phaeo (µg/L),1.43
52,GAK7i,5/4/2013,7,50,Total_Phaeo (µg/L),1.47
53,GAK7,5/5/2013,bucket,0,<20,0.48
53,GAK7,5/5/2013,12,10,<20,0.52
53,GAK7,5/5/2013,11,20,<20,0.48
53,GAK7,5/5/2013,10,30,<20,0.47
53,GAK7,5/5/2013,8,40,<20,0.34
53,GAK7,5/5/2013,7,50,<20,0.32
53,GAK7,5/5/2013,bucket,0,>20,3.77
53,GAK7,5/5/2013,12,10,>20,3.48
53,GAK7,5/5/2013,11,20,>20,3.65
53,GAK7,5/5/2013,10,30,>20,2.3
53,GAK7,5/5/2013,8,40,>20,1.91
53,GAK7,5/5/2013,7,50,>20,1.39
53,GAK7,5/5/2013,bucket,0,Total,4.25
53,GAK7,5/5/2013,12,10,Total,4
53,GAK7,5/5/2013,11,20,Total,4.13
53,GAK7,5/5/2013,10,30,Total,2.77
53,GAK7,5/5/2013,8,40,Total,2.25
53,GAK7,5/5/2013,7,50,Total,1.71
53,GAK7,5/5/2013,bucket,0,Total_Phaeo (µg/L),1.67
53,GAK7,5/5/2013,12,10,Total_Phaeo (µg/L),2.49
53,GAK7,5/5/2013,11,20,Total_Phaeo (µg/L),1.69
53,GAK7,5/5/2013,10,30,Total_Phaeo (µg/L),2.12
53,GAK7,5/5/2013,8,40,Total_Phaeo (µg/L),2
53,GAK7,5/5/2013,7,50,Total_Phaeo (µg/L),1.66
54,GAK6i,5/4/2013,12,0,<20,0.51
54,GAK6i,5/4/2013,11,10,<20,0.53
54,GAK6i,5/4/2013,10,20,<20,0.44
54,GAK6i,5/4/2013,8,30,<20,0.39
54,GAK6i,5/4/2013,7,40,<20,0.41
54,GAK6i,5/4/2013,6,50,<20,0.42
54,GAK6i,5/4/2013,12,0,>20,4.57
54,GAK6i,5/4/2013,11,10,>20,2.05
54,GAK6i,5/4/2013,10,20,>20,5.49
54,GAK6i,5/4/2013,8,30,>20,3.69
54,GAK6i,5/4/2013,7,40,>20,3.48
54,GAK6i,5/4/2013,6,50,>20,2.94
54,GAK6i,5/4/2013,12,0,Total,5.08
54,GAK6i,5/4/2013,11,10,Total,2.58
54,GAK6i,5/4/2013,10,20,Total,5.93
54,GAK6i,5/4/2013,8,30,Total,4.07
54,GAK6i,5/4/2013,7,40,Total,3.88
54,GAK6i,5/4/2013,6,50,Total,3.36
54,GAK6i,5/4/2013,12,0,Total_Phaeo (µg/L),1.65
54,GAK6i,5/4/2013,11,10,Total_Phaeo (µg/L),4.16
54,GAK6i,5/4/2013,10,20,Total_Phaeo (µg/L),1.27
54,GAK6i,5/4/2013,8,30,Total_Phaeo (µg/L),1.17
54,GAK6i,5/4/2013,7,40,Total_Phaeo (µg/L),1.43
54,GAK6i,5/4/2013,6,50,Total_Phaeo (µg/L),1.33
55,GAK6,5/4/2013,11,0,<20,0.49
55,GAK6,5/4/2013,10,10,<20,0.51
55,GAK6,5/4/2013,8,20,<20,0.41
55,GAK6,5/4/2013,7,30,<20,0.34
55,GAK6,5/4/2013,6,40,<20,0.28
55,GAK6,5/4/2013,5,50,<20,0.29
55,GAK6,5/4/2013,11,0,>20,2.68
55,GAK6,5/4/2013,10,10,>20,2.81
55,GAK6,5/4/2013,8,20,>20,2.72
55,GAK6,5/4/2013,7,30,>20,2.35
55,GAK6,5/4/2013,6,40,>20,1.62
55,GAK6,5/4/2013,5,50,>20,1.09
55,GAK6,5/4/2013,11,0,Total,3.17
55,GAK6,5/4/2013,10,10,Total,3.31
55,GAK6,5/4/2013,8,20,Total,3.13
55,GAK6,5/4/2013,7,30,Total,2.68
55,GAK6,5/4/2013,6,40,Total,1.9
55,GAK6,5/4/2013,5,50,Total,1.38
55,GAK6,5/4/2013,11,0,Total_Phaeo (µg/L),1.73
55,GAK6,5/4/2013,10,10,Total_Phaeo (µg/L),2.02
55,GAK6,5/4/2013,8,20,Total_Phaeo (µg/L),3.79
55,GAK6,5/4/2013,7,30,Total_Phaeo (µg/L),4.11
55,GAK6,5/4/2013,6,40,Total_Phaeo (µg/L),1.73
55,GAK6,5/4/2013,5,50,Total_Phaeo (µg/L),1.15
56,GAK5i,5/5/2013,11,0,<20,0.6
56,GAK5i,5/5/2013,10,10,<20,0.54
56,GAK5i,5/5/2013,8,20,<20,0.54
56,GAK5i,5/5/2013,7,30,<20,0.54
56,GAK5i,5/5/2013,6,40,<20,0.61
56,GAK5i,5/5/2013,5,50,<20,0.34
56,GAK5i,5/5/2013,11,0,>20,6.83
56,GAK5i,5/5/2013,10,10,>20,8.8
56,GAK5i,5/5/2013,8,20,>20,8.05
56,GAK5i,5/5/2013,7,30,>20,8.67
56,GAK5i,5/5/2013,6,40,>20,9.14
56,GAK5i,5/5/2013,5,50,>20,4.36
56,GAK5i,5/5/2013,11,0,Total,7.43
56,GAK5i,5/5/2013,10,10,Total,9.34
56,GAK5i,5/5/2013,8,20,Total,8.59
56,GAK5i,5/5/2013,7,30,Total,9.21
56,GAK5i,5/5/2013,6,40,Total,9.75
56,GAK5i,5/5/2013,5,50,Total,4.7
56,GAK5i,5/5/2013,11,0,Total_Phaeo (µg/L),3.58
56,GAK5i,5/5/2013,10,10,Total_Phaeo (µg/L),1.77
56,GAK5i,5/5/2013,8,20,Total_Phaeo (µg/L),2.87
56,GAK5i,5/5/2013,7,30,Total_Phaeo (µg/L),1.78
56,GAK5i,5/5/2013,6,40,Total_Phaeo (µg/L),1.22
56,GAK5i,5/5/2013,5,50,Total_Phaeo (µg/L),1.78
57,GAK5,5/5/2013,11,0,<20,0.49
57,GAK5,5/5/2013,10,10,<20,0.47
57,GAK5,5/5/2013,8,20,<20,0.43
57,GAK5,5/5/2013,7,30,<20,0.27
57,GAK5,5/5/2013,6,40,<20,0.21
57,GAK5,5/5/2013,5,50,<20,0.18
57,GAK5,5/5/2013,11,0,>20,8.76
57,GAK5,5/5/2013,10,10,>20,8.51
57,GAK5,5/5/2013,8,20,>20,9.22
57,GAK5,5/5/2013,7,30,>20,1.89
57,GAK5,5/5/2013,6,40,>20,0.83
57,GAK5,5/5/2013,5,50,>20,0.22
57,GAK5,5/5/2013,11,0,Total,9.25
57,GAK5,5/5/2013,10,10,Total,8.98
57,GAK5,5/5/2013,8,20,Total,9.65
57,GAK5,5/5/2013,7,30,Total,2.16
57,GAK5,5/5/2013,6,40,Total,1.05
57,GAK5,5/5/2013,5,50,Total,0.4
57,GAK5,5/5/2013,11,0,Total_Phaeo (µg/L),2.56
57,GAK5,5/5/2013,10,10,Total_Phaeo (µg/L),2.66
57,GAK5,5/5/2013,8,20,Total_Phaeo (µg/L),1.74
57,GAK5,5/5/2013,7,30,Total_Phaeo (µg/L),2.52
57,GAK5,5/5/2013,6,40,Total_Phaeo (µg/L),1.54
57,GAK5,5/5/2013,5,50,Total_Phaeo (µg/L),0.94
58,GAK4i,5/5/2013,bucket,0,<20,0.45
58,GAK4i,5/5/2013,11,10,<20,1.75
58,GAK4i,5/5/2013,10,20,<20,0.46
58,GAK4i,5/5/2013,8,30,<20,0.47
58,GAK4i,5/5/2013,7,40,<20,0.22
58,GAK4i,5/5/2013,6,50,<20,0.42
58,GAK4i,5/5/2013,bucket,0,>20,9.72
58,GAK4i,5/5/2013,11,10,>20,7.17
58,GAK4i,5/5/2013,10,20,>20,10.85
58,GAK4i,5/5/2013,8,30,>20,10.39
58,GAK4i,5/5/2013,7,40,>20,1.16
58,GAK4i,5/5/2013,6,50,>20,0.96
58,GAK4i,5/5/2013,bucket,0,Total,10.17
58,GAK4i,5/5/2013,11,10,Total,8.91
58,GAK4i,5/5/2013,10,20,Total,11.31
58,GAK4i,5/5/2013,8,30,Total,10.86
58,GAK4i,5/5/2013,7,40,Total,1.38
58,GAK4i,5/5/2013,6,50,Total,1.38
58,GAK4i,5/5/2013,bucket,0,Total_Phaeo (µg/L),1.5
58,GAK4i,5/5/2013,11,10,Total_Phaeo (µg/L),2.53
58,GAK4i,5/5/2013,10,20,Total_Phaeo (µg/L),1.4
58,GAK4i,5/5/2013,8,30,Total_Phaeo (µg/L),1.34
58,GAK4i,5/5/2013,7,40,Total_Phaeo (µg/L),1.02
58,GAK4i,5/5/2013,6,50,Total_Phaeo (µg/L),0.89
59,GAK4,5/5/2013,bucket,0,<20,0.61
59,GAK4,5/5/2013,11,10,<20,0.52
59,GAK4,5/5/2013,10,20,<20,0.56
59,GAK4,5/5/2013,8,30,<20,0.49
59,GAK4,5/5/2013,7,40,<20,0.41
59,GAK4,5/5/2013,6,50,<20,0.39
59,GAK4,5/5/2013,bucket,0,>20,5.78
59,GAK4,5/5/2013,11,10,>20,7.04
59,GAK4,5/5/2013,10,20,>20,5.53
59,GAK4,5/5/2013,8,30,>20,7.92
59,GAK4,5/5/2013,7,40,>20,6.03
59,GAK4,5/5/2013,6,50,>20,3.23
59,GAK4,5/5/2013,bucket,0,Total,6.39
59,GAK4,5/5/2013,11,10,Total,7.56
59,GAK4,5/5/2013,10,20,Total,6.09
59,GAK4,5/5/2013,8,30,Total,8.41
59,GAK4,5/5/2013,7,40,Total,6.45
59,GAK4,5/5/2013,6,50,Total,3.62
59,GAK4,5/5/2013,bucket,0,Total_Phaeo (µg/L),1.64
59,GAK4,5/5/2013,11,10,Total_Phaeo (µg/L),1.76
59,GAK4,5/5/2013,10,20,Total_Phaeo (µg/L),3.06
59,GAK4,5/5/2013,8,30,Total_Phaeo (µg/L),1.43
59,GAK4,5/5/2013,7,40,Total_Phaeo (µg/L),3.85
59,GAK4,5/5/2013,6,50,Total_Phaeo (µg/L),3.05
60,GAK3i,5/5/2013,12,0,<20,0.91
60,GAK3i,5/5/2013,11,10,<20,0.68
60,GAK3i,5/5/2013,10,20,<20,0.6
60,GAK3i,5/5/2013,8,30,<20,0.42
60,GAK3i,5/5/2013,7,40,<20,0.31
60,GAK3i,5/5/2013,6,50,<20,0.22
60,GAK3i,5/5/2013,12,0,>20,10.18
60,GAK3i,5/5/2013,11,10,>20,10.6
60,GAK3i,5/5/2013,10,20,>20,5.7
60,GAK3i,5/5/2013,8,30,>20,3.56
60,GAK3i,5/5/2013,7,40,>20,2.12
60,GAK3i,5/5/2013,6,50,>20,0.93
60,GAK3i,5/5/2013,12,0,Total,11.1
60,GAK3i,5/5/2013,11,10,Total,11.28
60,GAK3i,5/5/2013,10,20,Total,6.29
60,GAK3i,5/5/2013,8,30,Total,3.99
60,GAK3i,5/5/2013,7,40,Total,2.43
60,GAK3i,5/5/2013,6,50,Total,1.15
60,GAK3i,5/5/2013,12,0,Total_Phaeo (µg/L),2.52
60,GAK3i,5/5/2013,11,10,Total_Phaeo (µg/L),2.08
60,GAK3i,5/5/2013,10,20,Total_Phaeo (µg/L),3.12
60,GAK3i,5/5/2013,8,30,Total_Phaeo (µg/L),2.74
60,GAK3i,5/5/2013,7,40,Total_Phaeo (µg/L),1.15
60,GAK3i,5/5/2013,6,50,Total_Phaeo (µg/L),0.71
61,GAK3,5/5/2013,bucket,0,<20,0.67
61,GAK3,5/5/2013,11,10,<20,0.38
61,GAK3,5/5/2013,10,20,<20,0.38
61,GAK3,5/5/2013,8,30,<20,0.31
61,GAK3,5/5/2013,7,40,<20,0.32
61,GAK3,5/5/2013,6,50,<20,0.34
61,GAK3,5/5/2013,bucket,0,>20,6.91
61,GAK3,5/5/2013,11,10,>20,5.99
61,GAK3,5/5/2013,10,20,>20,5.82
61,GAK3,5/5/2013,8,30,>20,3.44
61,GAK3,5/5/2013,7,40,>20,2.93
61,GAK3,5/5/2013,6,50,>20,2.6
61,GAK3,5/5/2013,bucket,0,Total,7.58
61,GAK3,5/5/2013,11,10,Total,6.37
61,GAK3,5/5/2013,10,20,Total,6.2
61,GAK3,5/5/2013,8,30,Total,3.74
61,GAK3,5/5/2013,7,40,Total,3.25
61,GAK3,5/5/2013,6,50,Total,2.94
61,GAK3,5/5/2013,bucket,0,Total_Phaeo (µg/L),2.81
61,GAK3,5/5/2013,11,10,Total_Phaeo (µg/L),2.46
61,GAK3,5/5/2013,10,20,Total_Phaeo (µg/L),3.02
61,GAK3,5/5/2013,8,30,Total_Phaeo (µg/L),2.47
61,GAK3,5/5/2013,7,40,Total_Phaeo (µg/L),1.72
61,GAK3,5/5/2013,6,50,Total_Phaeo (µg/L),1.82
62,GAK2i,5/5/2013,12,0,<20,8.13
62,GAK2i,5/5/2013,11,10,<20,6.62
62,GAK2i,5/5/2013,10,20,<20,0.58
62,GAK2i,5/5/2013,8,30,<20,0.47
62,GAK2i,5/5/2013,7,40,<20,0.31
62,GAK2i,5/5/2013,6,50,<20,0.34
62,GAK2i,5/5/2013,12,0,>20,6.75
62,GAK2i,5/5/2013,11,10,>20,5.57
62,GAK2i,5/5/2013,10,20,>20,4.65
62,GAK2i,5/5/2013,8,30,>20,3.69
62,GAK2i,5/5/2013,7,40,>20,1.81
62,GAK2i,5/5/2013,6,50,>20,2
62,GAK2i,5/5/2013,12,0,Total,14.88
62,GAK2i,5/5/2013,11,10,Total,12.19
62,GAK2i,5/5/2013,10,20,Total,5.23
62,GAK2i,5/5/2013,8,30,Total,4.15
62,GAK2i,5/5/2013,7,40,Total,2.12
62,GAK2i,5/5/2013,6,50,Total,2.33
62,GAK2i,5/5/2013,12,0,Total_Phaeo (µg/L),2.68
62,GAK2i,5/5/2013,11,10,Total_Phaeo (µg/L),2.03
62,GAK2i,5/5/2013,10,20,Total_Phaeo (µg/L),1.2
62,GAK2i,5/5/2013,8,30,Total_Phaeo (µg/L),2.85
62,GAK2i,5/5/2013,7,40,Total_Phaeo (µg/L),1.49
62,GAK2i,5/5/2013,6,50,Total_Phaeo (µg/L),1.54
63,GAK2,5/5/2013,12,0,<20,1.06
63,GAK2,5/5/2013,11,10,<20,1.01
63,GAK2,5/5/2013,10,20,<20,0.49
63,GAK2,5/5/2013,8,30,<20,0.08
63,GAK2,5/5/2013,7,40,<20,0.38
63,GAK2,5/5/2013,6,50,<20,0.28
63,GAK2,5/5/2013,12,0,>20,10.56
63,GAK2,5/5/2013,11,10,>20,11.9
63,GAK2,5/5/2013,10,20,>20,8.26
63,GAK2,5/5/2013,8,30,>20,3.73
63,GAK2,5/5/2013,7,40,>20,4.15
63,GAK2,5/5/2013,6,50,>20,1.52
63,GAK2,5/5/2013,12,0,Total,11.62
63,GAK2,5/5/2013,11,10,Total,12.91
63,GAK2,5/5/2013,10,20,Total,8.75
63,GAK2,5/5/2013,8,30,Total,3.81
63,GAK2,5/5/2013,7,40,Total,4.53
63,GAK2,5/5/2013,6,50,Total,1.79
63,GAK2,5/5/2013,12,0,Total_Phaeo (µg/L),1.03
63,GAK2,5/5/2013,11,10,Total_Phaeo (µg/L),1.03
63,GAK2,5/5/2013,10,20,Total_Phaeo (µg/L),2.12
63,GAK2,5/5/2013,8,30,Total_Phaeo (µg/L),2.24
63,GAK2,5/5/2013,7,40,Total_Phaeo (µg/L),1.5
63,GAK2,5/5/2013,6,50,Total_Phaeo (µg/L),2.12
64,GAK1i,5/5/2013,12,0,<20,0.43
64,GAK1i,5/5/2013,11,10,<20,0.57
64,GAK1i,5/5/2013,10,20,<20,0.39
64,GAK1i,5/5/2013,8,30,<20,0.43
64,GAK1i,5/5/2013,7,40,<20,0.38
64,GAK1i,5/5/2013,6,50,<20,0.35
64,GAK1i,5/5/2013,12,0,>20,3.86
64,GAK1i,5/5/2013,11,10,>20,5.15
64,GAK1i,5/5/2013,10,20,>20,3.1
64,GAK1i,5/5/2013,8,30,>20,2.56
64,GAK1i,5/5/2013,7,40,>20,2.12
64,GAK1i,5/5/2013,6,50,>20,1.4
64,GAK1i,5/5/2013,12,0,Total,4.28
64,GAK1i,5/5/2013,11,10,Total,5.72
64,GAK1i,5/5/2013,10,20,Total,3.49
64,GAK1i,5/5/2013,8,30,Total,3
64,GAK1i,5/5/2013,7,40,Total,2.5
64,GAK1i,5/5/2013,6,50,Total,1.76
64,GAK1i,5/5/2013,12,0,Total_Phaeo (µg/L),1.25
64,GAK1i,5/5/2013,11,10,Total_Phaeo (µg/L),1.89
64,GAK1i,5/5/2013,10,20,Total_Phaeo (µg/L),2.67
64,GAK1i,5/5/2013,8,30,Total_Phaeo (µg/L),1.48
64,GAK1i,5/5/2013,7,40,Total_Phaeo (µg/L),1.7
64,GAK1i,5/5/2013,6,50,Total_Phaeo (µg/L),1.83
65,GAK1,5/5/2013,bucket,0,<20,0.36
65,GAK1,5/5/2013,12,10,<20,0.4
65,GAK1,5/5/2013,11,20,<20,0.34
65,GAK1,5/5/2013,10,30,<20,0.47
65,GAK1,5/5/2013,8,40,<20,0.41
65,GAK1,5/5/2013,7,50,<20,0.4
65,GAK1,5/5/2013,bucket,0,>20,1.92
65,GAK1,5/5/2013,12,10,>20,2.84
65,GAK1,5/5/2013,11,20,>20,2.44
65,GAK1,5/5/2013,10,30,>20,2.66
65,GAK1,5/5/2013,8,40,>20,4.4
65,GAK1,5/5/2013,7,50,>20,4.02
65,GAK1,5/5/2013,bucket,0,Total,2.28
65,GAK1,5/5/2013,12,10,Total,3.24
65,GAK1,5/5/2013,11,20,Total,2.78
65,GAK1,5/5/2013,10,30,Total,3.13
65,GAK1,5/5/2013,8,40,Total,4.81
65,GAK1,5/5/2013,7,50,Total,4.42
65,GAK1,5/5/2013,bucket,0,Total_Phaeo (µg/L),0.67
65,GAK1,5/5/2013,12,10,Total_Phaeo (µg/L),0.87
65,GAK1,5/5/2013,11,20,Total_Phaeo (µg/L),1.12
65,GAK1,5/5/2013,10,30,Total_Phaeo (µg/L),1.01
65,GAK1,5/5/2013,8,40,Total_Phaeo (µg/L),1.72
65,GAK1,5/5/2013,7,50,Total_Phaeo (µg/L),1.88
